{"GRAMD1B": 0.006807498465504212, "GRIN2A": 0.004541858096257765, "PAK6": 0.008826260282149764, "NOTCH4": 0.0012958102808842866, "RERE": 0.006252322443177816, "DGKI": 0.0008568140196924787, "CHRNA3": 0.0007931461430621527, "GIGYF2": 0.002488905266810739, "MAN2A1": 0.0006705647437410222, "DRD4": 0.000554421969310323, "PTGIS": 0.0009476964611789627, "COMT": 0.009830538844354328, "C3orf49": 0.0001549574983500199, "DRD3": 2.9487568051477338e-05, "NRGN": 0.2587682130785485, "TMX2-CTNND1": 0.008157154017892415, "TNF": 3.2506788492057137e-06, "CHRNA7": 0.00011212148483543462, "APOPT1": 0.0027337194669348995, "BDNF": 0.0011009331682891145, "SMG6": 0.004105268536100738, "GALNT10": 0.0024055475906603627, "SATB2": 0.0019736684947980164, "NRXN1": 0.010032384569124005, "CACNA1C": 0.0013171077193823758, "AKT3": 0.008264457436508998, "APOL2": 0.0022381032318252387, "EPC2": 0.0026757198376564113, "MTHFR": 0.0016035597130679535, "CNTN4": 0.0011912708371382686, "RTN4R": 0.00587084587030233, "DAOA": 0.0, "CHRNA5": 0.0003145837168585561, "DRD2": 0.0015292759994410931, "SLC6A4": 2.916842363615788e-05, "RGS6": 0.0007638396606069452, "SHMT2": 0.002696267747363241, "IGSF9B": 0.0005699686982970889, "TCF4": 0.008956016915459044, "NRG1": 0.0006246282369844403, "C10orf32": 0.005097559768209393, "C11orf31": 0.011315571329948924, "MAD1L1": 0.0013706488883524414, "SNAP91": 0.020959688791242912, "GPM6A": 0.11740881111457672, "ETF1": 0.0062831174888796325, "ZNF536": 0.0013785187074531874, "CNNM2": 0.001644006749315069, "DTNBP1": 0.002676316382350884, "CLCN3": 0.009164167170827, "SRPK2": 0.009017055238001408, "NAB2": 0.005266950476544155, "HCN1": 0.002266032624201921, "IMMP2L": 0.00048375777545869647, "OTUD7B": 0.0010770565485154193, "TAAR6": 4.1227931442363584e-05, "CHI3L1": 0.0011307157204625779, "CENPM": 0.00039278970019120737, "CSMD1": 0.0010689124774362917, "DISC1": 0.0006916293479064442, "ATP2A2": 0.020578450556396257, "KDM3B": 0.005113374965629418, "CYP26B1": 0.007554245091709544, "CUL3": 0.0031462214944872387, "ADAMTSL3": 0.00028208159251579115, "DPYD": 0.00032309891429686496, "CACNB2": 0.0017252072564177975, "MPHOSPH9": 0.0004642929745005024, "PLCH2": 0.002396441771997181, "STAG1": 0.001756959385554375, "CACNA1I": 0.002949822096846075, "TYW5": 0.0002637540510795168, "VIPR2": 0.0005864188263602629, "NFATC3": 0.0011932736228443435, "ZNF804A": 0.0014060521135549607, "PPP3CC": 0.0021855961047532557, "KCNN3": 0.0009287649590508403, "RGS4": 0.013350217373424029, "PRKD1": 0.001449730472431719, "APOE": 0.289838212713215, "SLC6A3": 3.146435112524822e-06, "AKT1": 0.005377332700108525, "TCF20": 0.003323511406063289, "GRM3": 0.015272128596431771, "TSNARE1": 0.001251408978867236, "MPP6": 0.001736786939865567, "HTR2A": 0.002027958819427397, "AMBRA1": 0.002686529003641108, "BCL11B": 0.002484893072306593, "DAO": 1.052558570773016e-05, "SLC1A1": 0.006987467930848636, "VRK2": 0.0008586302394268653, "ZDHHC8": 0.004937721237625074, "SDCCAG8": 0.003475849984585733, "TMTC1": 0.0015951740390554893, "NLGN4X": 0.004384698653026892}