{"GRAMD1B": 0.006073751490756633, "GRIN2A": 0.00583108873969155, "PAK6": 0.010536613893418159, "NOTCH4": 0.0009720484690436708, "RERE": 0.004350564001622152, "DGKI": 0.0009711764340284127, "CHRNA3": 0.00034694972861552603, "GIGYF2": 0.00183086278783286, "MAN2A1": 0.0005806520544230029, "DRD4": 0.0003175689872587912, "PTGIS": 0.0008239615895688124, "COMT": 0.006490081310632355, "C3orf49": 0.00019721655916885326, "DRD3": 1.0695561283018503e-05, "NRGN": 0.2823825230596085, "TMX2-CTNND1": 0.005797036473201935, "TNF": 3.271164751537997e-05, "CHRNA7": 0.00011652723991170935, "APOPT1": 0.0033813894677529738, "BDNF": 0.0010161872455590117, "SMG6": 0.0023242948599903964, "GALNT10": 0.0009692272042743855, "SATB2": 0.003972217529414423, "NRXN1": 0.011165994228076114, "CACNA1C": 0.0009429637863355645, "AKT3": 0.010206199273947277, "APOL2": 0.001566887212157173, "EPC2": 0.002311618282788569, "MTHFR": 0.0009174275597976788, "CNTN4": 0.0012663660209711381, "RTN4R": 0.004485675909059226, "DAOA": 2.9754531329178474e-06, "CHRNA5": 0.00013994611616023457, "DRD2": 0.0006425630149872428, "SLC6A4": 2.190154381720344e-05, "RGS6": 0.0011389918632965794, "SHMT2": 0.002032840199442782, "IGSF9B": 0.00030925419922631537, "TCF4": 0.007972710741103409, "NRG1": 0.0008432383207329301, "C10orf32": 0.0052620053999634115, "C11orf31": 0.012508031905161804, "MAD1L1": 0.0010397673187331534, "SNAP91": 0.01992616575555855, "GPM6A": 0.14776771380975098, "ETF1": 0.00646375885086834, "ZNF536": 0.0007087185305931133, "CNNM2": 0.000977044936595778, "DTNBP1": 0.002715290639722418, "CLCN3": 0.007307288133113911, "SRPK2": 0.010664843817748949, "NAB2": 0.00447033437925841, "HCN1": 0.00259569016661909, "IMMP2L": 0.0005350667531904379, "OTUD7B": 0.0007063797946973466, "TAAR6": 0.0, "CHI3L1": 0.0006560696607846942, "CENPM": 0.000257886112263248, "CSMD1": 0.0008656283400823041, "DISC1": 0.000342697570346047, "ATP2A2": 0.016820939540389587, "KDM3B": 0.0027961579764539377, "CYP26B1": 0.0027899016667901626, "CUL3": 0.003436279250922325, "ADAMTSL3": 0.0002268042867228287, "DPYD": 0.0003453277774680533, "CACNB2": 0.002163768207756481, "MPHOSPH9": 0.0003825635451911583, "PLCH2": 0.0010290663064879573, "STAG1": 0.0012584085421714114, "CACNA1I": 0.0018054185221234227, "TYW5": 0.0003701161267281189, "VIPR2": 0.0005107491669149852, "NFATC3": 0.0007524549306983454, "ZNF804A": 0.0010288280153805242, "PPP3CC": 0.002849059451826689, "KCNN3": 0.0004824122765324324, "RGS4": 0.030692893251239663, "PRKD1": 0.0008956865757640931, "APOE": 0.2506920145299713, "SLC6A3": 1.7057705754639368e-06, "AKT1": 0.0038633296220645296, "TCF20": 0.0024515563284834892, "GRM3": 0.016946032602281173, "TSNARE1": 0.0008723480643596433, "MPP6": 0.0018039864392914973, "HTR2A": 0.002430320173293369, "AMBRA1": 0.002643383643296237, "BCL11B": 0.0007736496716585644, "DAO": 1.867668357278589e-05, "SLC1A1": 0.005980131969306132, "VRK2": 0.0010483857261659726, "ZDHHC8": 0.0034662839666762413, "SDCCAG8": 0.0031706500793799077, "TMTC1": 0.0012442690869410662, "NLGN4X": 0.003947125688182411}