{"GRAMD1B": 0.004623439613150265, "GRIN2A": 0.004618323236597957, "PAK6": 0.008410869357018753, "NOTCH4": 0.0010331626797455637, "RERE": 0.003590815459493331, "DGKI": 0.0006292855339487787, "CHRNA3": 0.00013962572675730746, "GIGYF2": 0.0013303779547744244, "MAN2A1": 0.0005803455554808589, "DRD4": 0.0004731928761258298, "PTGIS": 0.0007645415494395317, "COMT": 0.008103416405650994, "C3orf49": 0.0001706640679470943, "DRD3": 8.006542303350456e-06, "NRGN": 0.2686530692203849, "TMX2-CTNND1": 0.0069721518447164715, "TNF": 5.467819738135897e-06, "CHRNA7": 8.290605347344149e-05, "APOPT1": 0.0027286973000919326, "BDNF": 0.0007941349592379293, "SMG6": 0.0021429551224148953, "GALNT10": 0.0010098060988804995, "SATB2": 0.0030382293711689588, "NRXN1": 0.009451795598520224, "CACNA1C": 0.0006905881324147388, "AKT3": 0.00546558913429481, "APOL2": 0.001586604274704403, "EPC2": 0.0018257765110737964, "MTHFR": 0.0007703274858544952, "CNTN4": 0.0011948818369347325, "RTN4R": 0.00510479899882265, "DAOA": 0.0, "CHRNA5": 0.00014018879327529194, "DRD2": 0.00023861310843883594, "SLC6A4": 8.59119531011969e-06, "RGS6": 0.000787962814028884, "SHMT2": 0.002351899836410082, "IGSF9B": 0.0002058105073077775, "TCF4": 0.006084538905929335, "NRG1": 0.0005946492931440737, "C10orf32": 0.004600917709851543, "C11orf31": 0.011674866891152784, "MAD1L1": 0.0010548866403799096, "SNAP91": 0.013937361929092172, "GPM6A": 0.1322874188304593, "ETF1": 0.005086693236676886, "ZNF536": 0.0008754945869516599, "CNNM2": 0.0008641200222034321, "DTNBP1": 0.0023987129776672127, "CLCN3": 0.007132531882180326, "SRPK2": 0.007960260113975362, "NAB2": 0.004655984842741356, "HCN1": 0.0018832904914028734, "IMMP2L": 0.0003558264549247295, "OTUD7B": 0.0005844814509899447, "TAAR6": 0.0, "CHI3L1": 0.0006836736392176973, "CENPM": 0.00028440501942128484, "CSMD1": 0.0006709084501393385, "DISC1": 0.0003679059510803936, "ATP2A2": 0.015280726997198072, "KDM3B": 0.0026163540169600037, "CYP26B1": 0.002215067628527715, "CUL3": 0.00278394091199532, "ADAMTSL3": 0.0001787595314358245, "DPYD": 0.00022284482218916035, "CACNB2": 0.0020240662099469124, "MPHOSPH9": 0.00033349989041399315, "PLCH2": 0.0009798796512182904, "STAG1": 0.0011862506498138115, "CACNA1I": 0.0018333105743699922, "TYW5": 0.0002592443382882799, "VIPR2": 0.0008237411694454653, "NFATC3": 0.0008655894182821113, "ZNF804A": 0.0007278964018206623, "PPP3CC": 0.002308550001116745, "KCNN3": 0.0003913664500598879, "RGS4": 0.032266643077173904, "PRKD1": 0.0008883158251587932, "APOE": 0.30976778038614106, "SLC6A3": 2.0211770288427257e-06, "AKT1": 0.0037551098469234827, "TCF20": 0.0017994413734667711, "GRM3": 0.020050895655273, "TSNARE1": 0.0010867740501285619, "MPP6": 0.0010480327408355973, "HTR2A": 0.002013869434323605, "AMBRA1": 0.002323201167636295, "BCL11B": 0.0005266370837693622, "DAO": 1.2019205471198684e-05, "SLC1A1": 0.004860483118757221, "VRK2": 0.0006092801607899597, "ZDHHC8": 0.003683970626357624, "SDCCAG8": 0.0024420870504216416, "TMTC1": 0.0008847994997488617, "NLGN4X": 0.0031308123067252925}