{"GRAMD1B": 0.006211096299543011, "GRIN2A": 0.007167431880272424, "PAK6": 0.009187451163375151, "NOTCH4": 0.0010527297143842179, "RERE": 0.003812526522756083, "DGKI": 0.0010736463742166088, "CHRNA3": 0.00010976027500130538, "GIGYF2": 0.0014357479661135555, "MAN2A1": 0.0006461953228583348, "DRD4": 0.0002893476326380701, "PTGIS": 0.0006957334191122037, "COMT": 0.005846740507196728, "C3orf49": 0.0001679323912683046, "DRD3": 3.618968997073166e-06, "NRGN": 0.3766253824842347, "TMX2-CTNND1": 0.005730771666837213, "TNF": 1.5565843424048133e-05, "CHRNA7": 0.000107685198691919, "APOPT1": 0.002604647518242051, "BDNF": 0.0009563687600771168, "SMG6": 0.001965033566553002, "GALNT10": 0.0006476453490283763, "SATB2": 0.003566326525770071, "NRXN1": 0.008943980888224855, "CACNA1C": 0.0008229080484125012, "AKT3": 0.007259707784422508, "APOL2": 0.001633687160888208, "EPC2": 0.001817746082219123, "MTHFR": 0.0009173513250975489, "CNTN4": 0.001528467985808649, "RTN4R": 0.005620647268816268, "DAOA": 0.0, "CHRNA5": 0.00010824891507047226, "DRD2": 0.00027715278138244856, "SLC6A4": 2.894676399001493e-05, "RGS6": 0.0011497877305775212, "SHMT2": 0.002129576159096107, "IGSF9B": 0.00025403198570666835, "TCF4": 0.005273770859334635, "NRG1": 0.0007605810501764998, "C10orf32": 0.0038423894136128617, "C11orf31": 0.010260853680470541, "MAD1L1": 0.0011984487540520694, "SNAP91": 0.01810976460741865, "GPM6A": 0.12781626911349506, "ETF1": 0.00577537165638638, "ZNF536": 0.0010323137006113014, "CNNM2": 0.000979994155253579, "DTNBP1": 0.0026446493231342765, "CLCN3": 0.006772074827689847, "SRPK2": 0.009218685935279036, "NAB2": 0.004727217588349415, "HCN1": 0.002985528325355848, "IMMP2L": 0.00039516252110633013, "OTUD7B": 0.0008502928336450058, "TAAR6": 3.674668180442704e-06, "CHI3L1": 0.0005849603242007653, "CENPM": 0.0001951305888550271, "CSMD1": 0.0007840069258901454, "DISC1": 0.00019486271550217196, "ATP2A2": 0.018644971871618385, "KDM3B": 0.002299625858293428, "CYP26B1": 0.003076033309533193, "CUL3": 0.0028574589990570144, "ADAMTSL3": 0.0002135050381987007, "DPYD": 0.00017575865304141818, "CACNB2": 0.0020823565528962605, "MPHOSPH9": 0.0002771862193664948, "PLCH2": 0.0012731403428792813, "STAG1": 0.0009860266631598774, "CACNA1I": 0.0024006325124480594, "TYW5": 0.00025953159190700374, "VIPR2": 0.0008908281683600213, "NFATC3": 0.0008610716878834105, "ZNF804A": 0.000997119945292461, "PPP3CC": 0.0025062511698298344, "KCNN3": 0.00030356745864908196, "RGS4": 0.04727749972782695, "PRKD1": 0.0004897689234262542, "APOE": 0.1939648409714501, "SLC6A3": 1.755494162418018e-06, "AKT1": 0.0037794724289357032, "TCF20": 0.002016711693785819, "GRM3": 0.010974361882096507, "TSNARE1": 0.0008713288356745995, "MPP6": 0.0012476580126727784, "HTR2A": 0.002308761632807492, "AMBRA1": 0.0024134768365031965, "BCL11B": 0.0007366817221672006, "DAO": 1.2665883454086874e-05, "SLC1A1": 0.005245021582664759, "VRK2": 0.0005658202004445101, "ZDHHC8": 0.003921224356617891, "SDCCAG8": 0.002265756690519395, "TMTC1": 0.0011584672705866124, "NLGN4X": 0.0028516681313890155}