{"GRAMD1B": 0.0064312237543070975, "GRIN2A": 0.006589625342652683, "PAK6": 0.008638990775777686, "NOTCH4": 0.001074876560860299, "RERE": 0.004299445340900087, "DGKI": 0.0010060782590564704, "CHRNA3": 0.00019708603658975248, "GIGYF2": 0.0018525411082882964, "MAN2A1": 0.000603630334115371, "DRD4": 0.0003248999157710986, "PTGIS": 0.0008198655676066348, "COMT": 0.007222267405800789, "C3orf49": 0.00022915807601981168, "DRD3": 0.0, "NRGN": 0.2915091557330657, "TMX2-CTNND1": 0.006724135371642163, "TNF": 6.718594932138446e-06, "CHRNA7": 0.00010161787763257656, "APOPT1": 0.003107343653498965, "BDNF": 0.0009693024287811863, "SMG6": 0.002436947513009003, "GALNT10": 0.0009763172173009307, "SATB2": 0.00381722079671869, "NRXN1": 0.010790458473204244, "CACNA1C": 0.0009645241169099652, "AKT3": 0.008957410407414141, "APOL2": 0.001640494954583019, "EPC2": 0.002373628325233468, "MTHFR": 0.0009181121512413463, "CNTN4": 0.0013122167241044552, "RTN4R": 0.0046097742391238575, "DAOA": 0.0, "CHRNA5": 0.00016926423324737681, "DRD2": 0.0003090493104590026, "SLC6A4": 2.9394006670462153e-05, "RGS6": 0.0013064732761303725, "SHMT2": 0.002258676470626423, "IGSF9B": 0.0002823633395083203, "TCF4": 0.0075765273370115935, "NRG1": 0.0009293614849857524, "C10orf32": 0.00487338581310484, "C11orf31": 0.012508904028130057, "MAD1L1": 0.001094770968021776, "SNAP91": 0.01832320618771295, "GPM6A": 0.13999032723385132, "ETF1": 0.006699575576071106, "ZNF536": 0.0008890908215997002, "CNNM2": 0.0010204905916494599, "DTNBP1": 0.0025472470901701785, "CLCN3": 0.007665485648725627, "SRPK2": 0.01025635164635965, "NAB2": 0.0048147865722652965, "HCN1": 0.002731300490483661, "IMMP2L": 0.0004699298436949036, "OTUD7B": 0.0007405558678481776, "TAAR6": 0.0, "CHI3L1": 0.000785867020086241, "CENPM": 0.00026033700506055795, "CSMD1": 0.0008839978465994133, "DISC1": 0.000359254573983258, "ATP2A2": 0.0177775870888614, "KDM3B": 0.0029369632965988925, "CYP26B1": 0.0027340246103953747, "CUL3": 0.003462015945665198, "ADAMTSL3": 0.0002669155368361738, "DPYD": 0.0002941186718651115, "CACNB2": 0.002318031918018077, "MPHOSPH9": 0.0004321806300976501, "PLCH2": 0.0011799605120703422, "STAG1": 0.0012892666165296679, "CACNA1I": 0.0021243811653877853, "TYW5": 0.0003655927944820791, "VIPR2": 0.0009218923381332717, "NFATC3": 0.0008991109813494766, "ZNF804A": 0.0010654861503029682, "PPP3CC": 0.0029677799824003306, "KCNN3": 0.0003986706985893666, "RGS4": 0.03145206171198741, "PRKD1": 0.000929162578978226, "APOE": 0.2489019608591992, "SLC6A3": 3.254550170572535e-06, "AKT1": 0.004149864047657556, "TCF20": 0.002399194704470087, "GRM3": 0.016984531961773842, "TSNARE1": 0.0009890834895467096, "MPP6": 0.001633291960293873, "HTR2A": 0.002319607348334973, "AMBRA1": 0.002563224279722234, "BCL11B": 0.0006589471817496969, "DAO": 2.4398446130548393e-05, "SLC1A1": 0.006017158373595332, "VRK2": 0.0008714895642847237, "ZDHHC8": 0.003502653166220553, "SDCCAG8": 0.0030429201842315065, "TMTC1": 0.0011161845552364858, "NLGN4X": 0.0037414587968601577}