{"GRAMD1B": 0.009501797835989078, "GRIN2A": 0.007615142538971869, "PAK6": 0.004713472869977685, "NOTCH4": 0.0008736263098021993, "RERE": 0.006160151770913066, "DGKI": 0.0006845751593403512, "CHRNA3": 8.480475631265962e-05, "GIGYF2": 0.002355824202376797, "MAN2A1": 0.001567282925963155, "DRD4": 0.0003468661667995701, "PTGIS": 0.0005335292606624669, "COMT": 0.006639588088773535, "C3orf49": 0.0004350623290152005, "DRD3": 6.405167752708524e-06, "NRGN": 0.3613961886617694, "TMX2-CTNND1": 0.007328883199327378, "TNF": 0.0, "CHRNA7": 0.00010496003500042218, "APOPT1": 0.0029620395394655136, "BDNF": 0.0010855319244188527, "SMG6": 0.003420161478404, "GALNT10": 0.0010929750924608386, "SATB2": 0.003419132019638537, "NRXN1": 0.007525556181145942, "CACNA1C": 0.00110082871189363, "AKT3": 0.009468998491109135, "APOL2": 0.0074324231993329985, "EPC2": 0.0030952004570550177, "MTHFR": 0.0012297535025755624, "CNTN4": 0.0013864907310018454, "RTN4R": 0.006091181230703986, "DAOA": 0.0, "CHRNA5": 0.00014610518930366158, "DRD2": 0.0002574504795960959, "SLC6A4": 2.588762160447234e-05, "RGS6": 0.0023352549022290113, "SHMT2": 0.0026440444158602645, "IGSF9B": 0.00022496300956885844, "TCF4": 0.006337552240263713, "NRG1": 0.00047764366355164455, "C10orf32": 0.004815232630989822, "C11orf31": 0.010131643301375913, "MAD1L1": 0.0012460037116699269, "SNAP91": 0.0246397172305786, "GPM6A": 0.09839591924060316, "ETF1": 0.007545405233150211, "ZNF536": 0.0028559637246230213, "CNNM2": 0.0019975235301498513, "DTNBP1": 0.003971524566924265, "CLCN3": 0.010138186652121193, "SRPK2": 0.011542955604671518, "NAB2": 0.005712525835474621, "HCN1": 0.006658173762551657, "IMMP2L": 0.0005311746135172394, "OTUD7B": 0.002491701569648666, "TAAR6": 2.5512496314999287e-05, "CHI3L1": 0.0019143180049928763, "CENPM": 6.78362706055399e-05, "CSMD1": 0.0009514779566787713, "DISC1": 0.0003703383594982685, "ATP2A2": 0.026658404877035597, "KDM3B": 0.004304210258937279, "CYP26B1": 0.0036547020778454928, "CUL3": 0.003929238962002123, "ADAMTSL3": 0.00017940290518947175, "DPYD": 0.00045267342718150654, "CACNB2": 0.0035858968797973455, "MPHOSPH9": 0.0007142356673933213, "PLCH2": 0.0018743875800621133, "STAG1": 0.0014998287060485245, "CACNA1I": 0.002253510814212841, "TYW5": 0.0003490893607991247, "VIPR2": 0.001191826046329776, "NFATC3": 0.0015981633319962748, "ZNF804A": 0.001078469421667781, "PPP3CC": 0.0028778818182351013, "KCNN3": 0.0005960386682875051, "RGS4": 0.06898223298503754, "PRKD1": 0.000963772156087616, "APOE": 0.13085102952103606, "SLC6A3": 0.0, "AKT1": 0.0037750998914124843, "TCF20": 0.002516010011098149, "GRM3": 0.01939283978593799, "TSNARE1": 0.001259573171774104, "MPP6": 0.0016480713011212851, "HTR2A": 0.004313848220278925, "AMBRA1": 0.0024057556167324913, "BCL11B": 0.0007356789950840612, "DAO": 3.403341656773258e-05, "SLC1A1": 0.006059826431741834, "VRK2": 0.0017222077847729948, "ZDHHC8": 0.003824504853770104, "SDCCAG8": 0.0031028126971810004, "TMTC1": 0.0010973327082910418, "NLGN4X": 0.0030141002070441826}