{"GRAMD1B": 0.03596652271570888, "GRIN2A": 0.006417964138331136, "PAK6": 0.00393625773729924, "NOTCH4": 0.0014749003393791085, "RERE": 0.014497134288343897, "DGKI": 0.0014124054202070196, "CHRNA3": 0.0057150592087695466, "GIGYF2": 0.004728879481959896, "MAN2A1": 0.0006487210298669402, "DRD4": 0.0007402071533552983, "PTGIS": 0.0002024589695887272, "COMT": 0.012214599710244212, "C3orf49": 0.0005557560306674829, "DRD3": 4.28354171900112e-06, "NRGN": 0.009073919937748328, "TMX2-CTNND1": 0.01725893212668889, "TNF": 5.4534817913026534e-06, "CHRNA7": 3.3958462331295754e-05, "APOPT1": 0.003832291515756944, "BDNF": 0.001963162248667718, "SMG6": 0.009115940799316284, "GALNT10": 0.001215532217944038, "SATB2": 0.00016167989062286958, "NRXN1": 0.015496135928819956, "CACNA1C": 0.0014112322899690966, "AKT3": 0.011195352002667112, "APOL2": 0.010620120904126024, "EPC2": 0.008181993016196267, "MTHFR": 0.0026469544280992327, "CNTN4": 0.003975272186785386, "RTN4R": 0.022645056335701283, "DAOA": 0.0, "CHRNA5": 0.0005136830205254968, "DRD2": 6.52795084043455e-05, "SLC6A4": 4.418273047087472e-05, "RGS6": 0.001255923798125723, "SHMT2": 0.009865546350735041, "IGSF9B": 0.0016279270546277337, "TCF4": 0.018756138954805192, "NRG1": 0.0008953223636975432, "C10orf32": 0.006734850520568571, "C11orf31": 0.013631492630092308, "MAD1L1": 0.0022818863364453715, "SNAP91": 0.05730427299957424, "GPM6A": 0.1889262955289301, "ETF1": 0.009420252824739548, "ZNF536": 0.007401584926956834, "CNNM2": 0.0038494877845237172, "DTNBP1": 0.003879317109152097, "CLCN3": 0.014114279534605556, "SRPK2": 0.01568772876894603, "NAB2": 0.03849614030011249, "HCN1": 0.007599075745284159, "IMMP2L": 0.0007582017291672241, "OTUD7B": 0.002863046889488509, "TAAR6": 0.0, "CHI3L1": 0.0003643743369700138, "CENPM": 0.00046552895921112345, "CSMD1": 0.0009865521680120898, "DISC1": 0.00026302362588202875, "ATP2A2": 0.039879826573327455, "KDM3B": 0.009570113194269864, "CYP26B1": 0.03724223166580663, "CUL3": 0.0069318045403606345, "ADAMTSL3": 0.0002408789423451688, "DPYD": 0.00031451443029444857, "CACNB2": 0.005170844176468081, "MPHOSPH9": 0.001455481758704775, "PLCH2": 0.011674784554368085, "STAG1": 0.0058040086826977606, "CACNA1I": 0.0014396528374589705, "TYW5": 0.0006558487105764682, "VIPR2": 0.00034224904964013324, "NFATC3": 0.0030510939668650125, "ZNF804A": 0.0018338773414727603, "PPP3CC": 0.0051111293802963784, "KCNN3": 0.000589781231263583, "RGS4": 0.0018438417174530312, "PRKD1": 0.0009159382347974404, "APOE": 0.17413548820483335, "SLC6A3": 2.507895534008302e-06, "AKT1": 0.008708668943265494, "TCF20": 0.005031952872411139, "GRM3": 0.011980620202892232, "TSNARE1": 0.0016047511394198, "MPP6": 0.0012092743890606715, "HTR2A": 0.00013031852085636258, "AMBRA1": 0.005929781175007775, "BCL11B": 3.069237076788281e-05, "DAO": 0.00939184844075549, "SLC1A1": 0.00416336179970351, "VRK2": 0.0009387389865282717, "ZDHHC8": 0.005114587519830211, "SDCCAG8": 0.003597398344970931, "TMTC1": 0.0008967802268510812, "NLGN4X": 0.005685173737226225}