{"GRAMD1B": 0.008473391322576197, "GRIN2A": 0.006728704991856622, "PAK6": 0.006610496109263822, "NOTCH4": 0.0006661348423459576, "RERE": 0.0054945410441438955, "DGKI": 0.0007068835210600905, "CHRNA3": 6.0346219785858615e-05, "GIGYF2": 0.0018871959925589566, "MAN2A1": 0.0008250380232662532, "DRD4": 0.0002633718952623461, "PTGIS": 0.0006682448185156598, "COMT": 0.0052145811995311315, "C3orf49": 0.0003704012519616877, "DRD3": 8.258779791987405e-06, "NRGN": 0.41659321423540585, "TMX2-CTNND1": 0.007897362677776777, "TNF": 2.605780653434196e-05, "CHRNA7": 0.00013161612870856823, "APOPT1": 0.0024238540100047124, "BDNF": 0.0011295776309560115, "SMG6": 0.003367681202231022, "GALNT10": 0.0010511501257564231, "SATB2": 0.0032173205061979482, "NRXN1": 0.008094093061659717, "CACNA1C": 0.0010777896479136457, "AKT3": 0.0073950557247667295, "APOL2": 0.006079867146996221, "EPC2": 0.0025732592937200978, "MTHFR": 0.0013508358440029015, "CNTN4": 0.0014904972955367204, "RTN4R": 0.009582900573595928, "DAOA": 0.0, "CHRNA5": 0.00011556926635120596, "DRD2": 0.00034158465587751904, "SLC6A4": 1.1184388796223842e-05, "RGS6": 0.00210673064350156, "SHMT2": 0.0023572515563615656, "IGSF9B": 0.00031725152738278534, "TCF4": 0.005722786729127878, "NRG1": 0.0005435270285563978, "C10orf32": 0.0038827145391726885, "C11orf31": 0.010114460054239428, "MAD1L1": 0.001088501768589689, "SNAP91": 0.0237641559948142, "GPM6A": 0.09765635840927712, "ETF1": 0.005954111537187826, "ZNF536": 0.0015931800841582394, "CNNM2": 0.001879223063891668, "DTNBP1": 0.004091420625880493, "CLCN3": 0.008680504626215295, "SRPK2": 0.009563930531539682, "NAB2": 0.005255322710506851, "HCN1": 0.005254293045569685, "IMMP2L": 0.00041055633892588206, "OTUD7B": 0.0013500267908947061, "TAAR6": 8.442909120059466e-06, "CHI3L1": 0.002075784641096916, "CENPM": 9.637775405420329e-05, "CSMD1": 0.000862967377231419, "DISC1": 0.0002695006549694309, "ATP2A2": 0.0236836798898876, "KDM3B": 0.004078328129322194, "CYP26B1": 0.004190003639812631, "CUL3": 0.003127675275780432, "ADAMTSL3": 0.00015765474973949563, "DPYD": 0.0003242870703798885, "CACNB2": 0.004248148591335359, "MPHOSPH9": 0.0004712694868296168, "PLCH2": 0.0027843088446033656, "STAG1": 0.0010475756990800033, "CACNA1I": 0.0025986755790824365, "TYW5": 0.00028588503196482585, "VIPR2": 0.001059719350170775, "NFATC3": 0.0009233995669576339, "ZNF804A": 0.0010454708733810161, "PPP3CC": 0.002299994631831335, "KCNN3": 0.0008616634497286616, "RGS4": 0.05782134358483217, "PRKD1": 0.0010237436126685126, "APOE": 0.10772188040760332, "SLC6A3": 0.0, "AKT1": 0.0037637330859725945, "TCF20": 0.002806531838122217, "GRM3": 0.01953296275307361, "TSNARE1": 0.0011164658201325305, "MPP6": 0.0013917280062470453, "HTR2A": 0.0044701071396377615, "AMBRA1": 0.002608523708295988, "BCL11B": 0.0008805306111323682, "DAO": 2.33087427900493e-05, "SLC1A1": 0.005128943893741905, "VRK2": 0.0006886544171368315, "ZDHHC8": 0.005027649156978159, "SDCCAG8": 0.002254755901509369, "TMTC1": 0.0011129562035459447, "NLGN4X": 0.003078036326644025}