{"GRAMD1B": 0.00893515173617125, "GRIN2A": 0.005208250925516888, "PAK6": 0.006348500240779967, "NOTCH4": 0.001186199390357629, "RERE": 0.007725421310566381, "DGKI": 0.0006338337264234553, "CHRNA3": 0.000135078504407628, "GIGYF2": 0.003312732129925016, "MAN2A1": 0.0019558233258034105, "DRD4": 0.0008805731042311445, "PTGIS": 0.0006528811603918253, "COMT": 0.013105740778301666, "C3orf49": 0.00025918952357808914, "DRD3": 1.5661407975597886e-05, "NRGN": 0.23863718916848745, "TMX2-CTNND1": 0.01235652182065078, "TNF": 8.123401983912433e-06, "CHRNA7": 6.138641768149e-05, "APOPT1": 0.003266250171033228, "BDNF": 0.0018473371510423309, "SMG6": 0.005780510352508197, "GALNT10": 0.0021307416490457896, "SATB2": 0.0008277859798486785, "NRXN1": 0.0060301354066064974, "CACNA1C": 0.001095394700320872, "AKT3": 0.006558269836455178, "APOL2": 0.0056856379915661386, "EPC2": 0.002370381480510189, "MTHFR": 0.0021072602195413, "CNTN4": 0.0005430760929454436, "RTN4R": 0.007783870654896026, "DAOA": 0.0, "CHRNA5": 0.00013820800670321642, "DRD2": 0.0005636640814826452, "SLC6A4": 3.217161843741244e-05, "RGS6": 0.0004916960492353862, "SHMT2": 0.004127303897771251, "IGSF9B": 0.00027977432219044457, "TCF4": 0.0075704088762293675, "NRG1": 0.0003716921788738304, "C10orf32": 0.005969110008497225, "C11orf31": 0.011402190006425112, "MAD1L1": 0.0017147678704553515, "SNAP91": 0.017234957253043297, "GPM6A": 0.08779560568168845, "ETF1": 0.007495524184771338, "ZNF536": 0.004547248891656093, "CNNM2": 0.002267169154068692, "DTNBP1": 0.004066449363886999, "CLCN3": 0.010631213418830216, "SRPK2": 0.00878279320907123, "NAB2": 0.00674304296056615, "HCN1": 0.003100617973936333, "IMMP2L": 0.000569510924358768, "OTUD7B": 0.004041180749706297, "TAAR6": 6.672431941639555e-06, "CHI3L1": 0.002553605114128948, "CENPM": 0.0002357193931594473, "CSMD1": 0.0009282701971296533, "DISC1": 0.0006604809668713504, "ATP2A2": 0.023045684392571267, "KDM3B": 0.005812687255335149, "CYP26B1": 0.0019729664504251924, "CUL3": 0.003293116503511591, "ADAMTSL3": 0.00040174864288891816, "DPYD": 0.0006267322509679489, "CACNB2": 0.002398605081227619, "MPHOSPH9": 0.0005664326124338205, "PLCH2": 0.004914666226751786, "STAG1": 0.0016916447046484828, "CACNA1I": 0.003101647293098345, "TYW5": 0.00035558429854444485, "VIPR2": 0.0010598712700738103, "NFATC3": 0.0020474136467909325, "ZNF804A": 0.0011917621232318517, "PPP3CC": 0.002243408003292598, "KCNN3": 0.0016720747568565054, "RGS4": 0.010122129661102557, "PRKD1": 0.001638823545214743, "APOE": 0.3024963015528418, "SLC6A3": 1.7935231877849895e-05, "AKT1": 0.006485291521249686, "TCF20": 0.0037183024819114467, "GRM3": 0.021454221930244783, "TSNARE1": 0.0018297794739842816, "MPP6": 0.002057137061338109, "HTR2A": 0.0008953572690946835, "AMBRA1": 0.003325701275778913, "BCL11B": 0.003133476266757415, "DAO": 8.758398896106455e-05, "SLC1A1": 0.0064193021040224105, "VRK2": 0.0018171809932636925, "ZDHHC8": 0.0053114019337486005, "SDCCAG8": 0.0033765905671200936, "TMTC1": 0.00235336395487317, "NLGN4X": 0.0038438931990499494}