{"GRAMD1B": 0.013361955860341158, "GRIN2A": 0.0022370901433741747, "PAK6": 0.002622847879997341, "NOTCH4": 0.0022447454291290767, "RERE": 0.007201268853125267, "DGKI": 0.0014687230007920224, "CHRNA3": 0.005523242871904924, "GIGYF2": 0.003010511047172398, "MAN2A1": 0.001293277248738967, "DRD4": 0.0007526524100231745, "PTGIS": 0.00034531506056433736, "COMT": 0.012089582758047723, "C3orf49": 0.00022815310770094125, "DRD3": 4.853288944796125e-05, "NRGN": 0.013320623750277922, "TMX2-CTNND1": 0.01840560605777837, "TNF": 0.0, "CHRNA7": 7.605290054183244e-05, "APOPT1": 0.003645303312623529, "BDNF": 0.0015806458936884293, "SMG6": 0.00728312754811567, "GALNT10": 0.002492291274784573, "SATB2": 0.00031401775191401904, "NRXN1": 0.009850048069642571, "CACNA1C": 0.0025783768790176138, "AKT3": 0.009035907590519995, "APOL2": 0.008645305515231324, "EPC2": 0.002542537303627813, "MTHFR": 0.002198952863472992, "CNTN4": 0.004008401459351429, "RTN4R": 0.004793778677647559, "DAOA": 0.0, "CHRNA5": 0.0004647701728754137, "DRD2": 0.0077449682526251565, "SLC6A4": 3.8401243216169034e-05, "RGS6": 0.001976340188424496, "SHMT2": 0.004198760614270814, "IGSF9B": 0.0005268616865862941, "TCF4": 0.0027927025044566624, "NRG1": 0.0010203087640778194, "C10orf32": 0.00480355545929033, "C11orf31": 0.013878624717145828, "MAD1L1": 0.0013928774250790475, "SNAP91": 0.031059510917442294, "GPM6A": 0.04529371344899104, "ETF1": 0.008537223900403474, "ZNF536": 0.002508012300508676, "CNNM2": 0.004175926913473741, "DTNBP1": 0.011320324433359742, "CLCN3": 0.012288243996248798, "SRPK2": 0.014174186713468425, "NAB2": 0.0043382150557304865, "HCN1": 0.0016195523382160626, "IMMP2L": 0.0007189650971062997, "OTUD7B": 0.0036995965458830452, "TAAR6": 0.0, "CHI3L1": 0.003176856882453961, "CENPM": 0.0002284286084853249, "CSMD1": 0.0004943648307389959, "DISC1": 0.0005209489083305894, "ATP2A2": 0.048851624276757134, "KDM3B": 0.0062641515365633215, "CYP26B1": 0.0006628503421632338, "CUL3": 0.003942353992118594, "ADAMTSL3": 0.0002552182628043517, "DPYD": 0.0006239264166213624, "CACNB2": 0.004361654998101317, "MPHOSPH9": 0.0007180595805687955, "PLCH2": 0.004603437003742414, "STAG1": 0.0014961356784584758, "CACNA1I": 0.000957776379187868, "TYW5": 0.0003035074669138417, "VIPR2": 0.0006710248140409912, "NFATC3": 0.0016415469503297331, "ZNF804A": 0.0015575926313525336, "PPP3CC": 0.003834458375282232, "KCNN3": 0.0028265796611881572, "RGS4": 0.00877875278095841, "PRKD1": 0.0014547832904187256, "APOE": 0.503542782758045, "SLC6A3": 0.00011938239129184817, "AKT1": 0.006409863481879464, "TCF20": 0.003319718723208816, "GRM3": 0.012426686636604404, "TSNARE1": 0.0018769518819769747, "MPP6": 0.0013107467255071082, "HTR2A": 0.0006446358245682888, "AMBRA1": 0.0038816515197990283, "BCL11B": 0.00010109969774137676, "DAO": 0.0005098890202427837, "SLC1A1": 0.011776951600183027, "VRK2": 0.001260607680471002, "ZDHHC8": 0.0055542755179996866, "SDCCAG8": 0.003102968830715306, "TMTC1": 0.004801223491991042, "NLGN4X": 0.00693732581611496}