{"GRAMD1B": 0.006136427016461825, "GRIN2A": 0.002836905280018498, "PAK6": 0.005977868017010207, "NOTCH4": 0.0008854447278738068, "RERE": 0.005221743921688679, "DGKI": 0.0022555148044344033, "CHRNA3": 0.0007439792188674347, "GIGYF2": 0.0032561716914265115, "MAN2A1": 0.0027326717838957603, "DRD4": 0.00024946887826260444, "PTGIS": 0.0009672369907971725, "COMT": 0.0073154475555903846, "C3orf49": 0.00033379196714506266, "DRD3": 0.001451567217267252, "NRGN": 0.35356734650281485, "TMX2-CTNND1": 0.010613632065010318, "TNF": 1.3902208350632516e-05, "CHRNA7": 4.021149453249342e-05, "APOPT1": 0.0026515102609518393, "BDNF": 0.0002173285247880948, "SMG6": 0.004459886356253773, "GALNT10": 0.0020707936429069846, "SATB2": 0.0003141705640893596, "NRXN1": 0.004691121750750317, "CACNA1C": 0.0010641209823187788, "AKT3": 0.007253531322393408, "APOL2": 0.0020225637389267984, "EPC2": 0.0031453222718888963, "MTHFR": 0.0014855776492304713, "CNTN4": 0.0009744912288979445, "RTN4R": 0.000968203057204488, "DAOA": 0.0, "CHRNA5": 0.0001735572095586802, "DRD2": 0.02303489295139773, "SLC6A4": 2.408960585696999e-05, "RGS6": 0.00043882867348642873, "SHMT2": 0.002083004069705361, "IGSF9B": 0.00035956607118270195, "TCF4": 0.0059095639755964635, "NRG1": 0.0001991865201691675, "C10orf32": 0.004857633609305342, "C11orf31": 0.008274230591318954, "MAD1L1": 0.0018596906528166972, "SNAP91": 0.010391425137933171, "GPM6A": 0.07483181855232593, "ETF1": 0.008267815397625021, "ZNF536": 0.0042384409785097745, "CNNM2": 0.002499314597588457, "DTNBP1": 0.009240488114305093, "CLCN3": 0.014421122356077157, "SRPK2": 0.01072266705101815, "NAB2": 0.005122929545361623, "HCN1": 0.0010983435060626149, "IMMP2L": 0.0006672136476786363, "OTUD7B": 0.0038036178680613975, "TAAR6": 2.1332995378676545e-05, "CHI3L1": 0.003181590840378986, "CENPM": 0.00013991356818858876, "CSMD1": 0.0008951406434654453, "DISC1": 0.0007122062386557793, "ATP2A2": 0.03635235057013072, "KDM3B": 0.006750120410374254, "CYP26B1": 0.0006529082318769405, "CUL3": 0.0036079422243320857, "ADAMTSL3": 0.0002610048648520132, "DPYD": 0.000649956718374976, "CACNB2": 0.004226892464521235, "MPHOSPH9": 0.0008700202948614662, "PLCH2": 0.0009243507508830248, "STAG1": 0.0020907529944043306, "CACNA1I": 0.002475926234747895, "TYW5": 0.00038719393895669514, "VIPR2": 0.0002540917798763817, "NFATC3": 0.002335731819750907, "ZNF804A": 0.0015612786828280954, "PPP3CC": 0.002136737289256776, "KCNN3": 0.0026312228663982096, "RGS4": 0.02539896262198494, "PRKD1": 0.0017030352353630894, "APOE": 0.13291488903006546, "SLC6A3": 4.876654279872539e-06, "AKT1": 0.004076079476419952, "TCF20": 0.004174078115129251, "GRM3": 0.04464752813813424, "TSNARE1": 0.0010661649877209886, "MPP6": 0.0037873328318623225, "HTR2A": 0.0010600717190512032, "AMBRA1": 0.003642186889525547, "BCL11B": 0.007295118208816414, "DAO": 2.544955699971717e-05, "SLC1A1": 0.006928512321992465, "VRK2": 0.0024920452100747835, "ZDHHC8": 0.00325911766956607, "SDCCAG8": 0.003076779335887093, "TMTC1": 0.004100267262125917, "NLGN4X": 0.0041439167993823954}