{"GRAMD1B": 0.008442744901095324, "GRIN2A": 0.006400114854679264, "PAK6": 0.005307046955814215, "NOTCH4": 0.0007531441399563267, "RERE": 0.005454983029121271, "DGKI": 0.0006003670159281107, "CHRNA3": 7.857959909171296e-05, "GIGYF2": 0.0019806995457622802, "MAN2A1": 0.001153418709089034, "DRD4": 0.0003616959758951433, "PTGIS": 0.0005175831730595009, "COMT": 0.006935923913441468, "C3orf49": 0.0003584938770358889, "DRD3": 0.0, "NRGN": 0.41249676946907465, "TMX2-CTNND1": 0.009009645474822041, "TNF": 3.70299482407481e-05, "CHRNA7": 0.00010665598363281588, "APOPT1": 0.002340818734392653, "BDNF": 0.0008779063666354022, "SMG6": 0.003454208788436818, "GALNT10": 0.0010793327025551012, "SATB2": 0.002836071176813192, "NRXN1": 0.0067575497677105825, "CACNA1C": 0.0010315604308292836, "AKT3": 0.006876827915656322, "APOL2": 0.00708809399948743, "EPC2": 0.0025422200477947503, "MTHFR": 0.0013208082921667556, "CNTN4": 0.0014763944357261585, "RTN4R": 0.007598473175904866, "DAOA": 0.0, "CHRNA5": 0.00013272224435939236, "DRD2": 0.00029211323913574293, "SLC6A4": 1.3870064454081506e-05, "RGS6": 0.002123487938823092, "SHMT2": 0.002490328046651669, "IGSF9B": 0.00026847179861070496, "TCF4": 0.00467443439378293, "NRG1": 0.0005596127078727986, "C10orf32": 0.004006607361630952, "C11orf31": 0.010411238250794468, "MAD1L1": 0.0013198599249250635, "SNAP91": 0.02161952893886797, "GPM6A": 0.08575298807965218, "ETF1": 0.006293024930822695, "ZNF536": 0.002501446247059981, "CNNM2": 0.0020066722738848494, "DTNBP1": 0.004195200187432064, "CLCN3": 0.008381289966521927, "SRPK2": 0.009121417328307176, "NAB2": 0.004898723707262949, "HCN1": 0.00491671088828577, "IMMP2L": 0.0004453091101574113, "OTUD7B": 0.0017355549085420964, "TAAR6": 9.08030159924717e-06, "CHI3L1": 0.002062209360004501, "CENPM": 0.00010547369041303822, "CSMD1": 0.0008737941485816178, "DISC1": 0.00032969461822801, "ATP2A2": 0.022855281868902524, "KDM3B": 0.00381087136740736, "CYP26B1": 0.003966263644057832, "CUL3": 0.0031197752371653733, "ADAMTSL3": 0.00017743651559159088, "DPYD": 0.0003847311157496787, "CACNB2": 0.0037865552866287572, "MPHOSPH9": 0.0004553083017353043, "PLCH2": 0.0025637901031150237, "STAG1": 0.001183016706934826, "CACNA1I": 0.002718945840938887, "TYW5": 0.00028311080088330183, "VIPR2": 0.0010006867454056608, "NFATC3": 0.0012353451044714355, "ZNF804A": 0.0009663447454981354, "PPP3CC": 0.002227185168732377, "KCNN3": 0.0006372387324585674, "RGS4": 0.05710405008777989, "PRKD1": 0.0010419468493232083, "APOE": 0.12878163561600978, "SLC6A3": 1.933292704173809e-06, "AKT1": 0.004049601853200375, "TCF20": 0.002662444719702801, "GRM3": 0.020781836799429156, "TSNARE1": 0.0013554448942014016, "MPP6": 0.0012527147869015127, "HTR2A": 0.0035899865909446494, "AMBRA1": 0.002629225599512395, "BCL11B": 0.0008597377608394737, "DAO": 3.003116850040343e-05, "SLC1A1": 0.0051234056392511895, "VRK2": 0.0010424044434296227, "ZDHHC8": 0.004612485921155181, "SDCCAG8": 0.0026345153505169545, "TMTC1": 0.0009214982189703268, "NLGN4X": 0.0025553492660080877}