{"GRAMD1B": 0.008266814257009711, "GRIN2A": 0.00683057076459868, "PAK6": 0.006047111391350207, "NOTCH4": 0.0006954245548743403, "RERE": 0.006447174997163893, "DGKI": 0.0010142261001526863, "CHRNA3": 0.00041086132892184614, "GIGYF2": 0.0025625179744957274, "MAN2A1": 0.0015904272072418634, "DRD4": 0.00033144336493524663, "PTGIS": 0.0005711642728476341, "COMT": 0.008838983190995743, "C3orf49": 0.00027540339990225055, "DRD3": 5.118393652943979e-05, "NRGN": 0.3138465144056546, "TMX2-CTNND1": 0.01171387204781093, "TNF": 2.2181276767554228e-05, "CHRNA7": 0.00018501474143036722, "APOPT1": 0.0026914544772957565, "BDNF": 0.0017014740329484846, "SMG6": 0.00509510292422392, "GALNT10": 0.0015628075090017822, "SATB2": 0.0012912400073445114, "NRXN1": 0.009255896494378944, "CACNA1C": 0.0016946958969567994, "AKT3": 0.009694139441246814, "APOL2": 0.007698922895144402, "EPC2": 0.0029444982342669746, "MTHFR": 0.0018615938424515282, "CNTN4": 0.001575470009597128, "RTN4R": 0.009726021353377192, "DAOA": 0.0, "CHRNA5": 0.00013981439919771147, "DRD2": 0.0020920896490621128, "SLC6A4": 1.6726055497845535e-05, "RGS6": 0.0015489666384740743, "SHMT2": 0.0027012488144976467, "IGSF9B": 0.00022367166800595718, "TCF4": 0.007040009899478604, "NRG1": 0.0007228577365542906, "C10orf32": 0.0044935764832748, "C11orf31": 0.010663308097243666, "MAD1L1": 0.001493586800125062, "SNAP91": 0.0244748094745648, "GPM6A": 0.09863368843743182, "ETF1": 0.007782492183270924, "ZNF536": 0.0042575609563712015, "CNNM2": 0.002455696214613027, "DTNBP1": 0.0058935240970417685, "CLCN3": 0.011827683743108537, "SRPK2": 0.011634181128703784, "NAB2": 0.006133293241995569, "HCN1": 0.004607246239691922, "IMMP2L": 0.0005012627009036098, "OTUD7B": 0.0026357212887571733, "TAAR6": 3.525333035910205e-05, "CHI3L1": 0.002926513968216496, "CENPM": 0.00015225068470229179, "CSMD1": 0.0009615769773515387, "DISC1": 0.0005080863016929489, "ATP2A2": 0.024981442566079082, "KDM3B": 0.005034341439954574, "CYP26B1": 0.02108903490430844, "CUL3": 0.004082578039176618, "ADAMTSL3": 0.0002653978177258949, "DPYD": 0.0006406598219706594, "CACNB2": 0.003403773085639761, "MPHOSPH9": 0.0005525793170193737, "PLCH2": 0.0023135455347095355, "STAG1": 0.00160348741392693, "CACNA1I": 0.003411984471655046, "TYW5": 0.00039127354163606736, "VIPR2": 0.0002899443728689525, "NFATC3": 0.0016702879540017109, "ZNF804A": 0.0017179755367018204, "PPP3CC": 0.00223960036801808, "KCNN3": 0.0019432753989125366, "RGS4": 0.01774407829671644, "PRKD1": 0.0013213927601524135, "APOE": 0.17198290588793422, "SLC6A3": 4.893010235306355e-06, "AKT1": 0.004654427610681569, "TCF20": 0.003932537553533928, "GRM3": 0.023105481847568936, "TSNARE1": 0.0015391136960391102, "MPP6": 0.0018656219126339077, "HTR2A": 0.0038388811792645257, "AMBRA1": 0.0036571073737569617, "BCL11B": 0.00308176200287143, "DAO": 6.303638749829464e-05, "SLC1A1": 0.006024641801231678, "VRK2": 0.0016268967946798895, "ZDHHC8": 0.004956328282770602, "SDCCAG8": 0.0031562760339823113, "TMTC1": 0.001896029545533048, "NLGN4X": 0.003761021049936072}