{"GRAMD1B": 0.00900660852203182, "GRIN2A": 0.008804281908433121, "PAK6": 0.0054053670161140965, "NOTCH4": 0.0006774742058483639, "RERE": 0.005441172004244612, "DGKI": 0.0010391422141342631, "CHRNA3": 7.079433168807145e-05, "GIGYF2": 0.002088177592593967, "MAN2A1": 0.0009736105323950259, "DRD4": 0.00030448069255103354, "PTGIS": 0.0005407048593784252, "COMT": 0.00505093085051564, "C3orf49": 0.00037372018247257884, "DRD3": 2.422120302310361e-06, "NRGN": 0.39779890134367296, "TMX2-CTNND1": 0.008559040656307814, "TNF": 5.896329466982006e-06, "CHRNA7": 0.00010074941901104405, "APOPT1": 0.0023361754498768816, "BDNF": 0.0010670830034414042, "SMG6": 0.0033075049124575385, "GALNT10": 0.0009398775196886246, "SATB2": 0.0037618957839894757, "NRXN1": 0.008845808760141701, "CACNA1C": 0.0011741161720634006, "AKT3": 0.009842185436812452, "APOL2": 0.00705049829889148, "EPC2": 0.0027798102236525394, "MTHFR": 0.0013346605211856765, "CNTN4": 0.0015995217969299526, "RTN4R": 0.007873384860467745, "DAOA": 0.0, "CHRNA5": 0.00012459784732004353, "DRD2": 0.00035154556799139647, "SLC6A4": 1.794131327695048e-05, "RGS6": 0.002417174955304376, "SHMT2": 0.001993261090985349, "IGSF9B": 0.0002824862124459289, "TCF4": 0.006725609288047665, "NRG1": 0.0005130893133074344, "C10orf32": 0.0035891109433910688, "C11orf31": 0.009971729116378628, "MAD1L1": 0.0011269503887290065, "SNAP91": 0.025112275971146028, "GPM6A": 0.08804971390568077, "ETF1": 0.006680367261329101, "ZNF536": 0.0016857454418837726, "CNNM2": 0.0019277466132149304, "DTNBP1": 0.0037880016156275342, "CLCN3": 0.00875063993365708, "SRPK2": 0.011470763854822015, "NAB2": 0.004588678294586541, "HCN1": 0.0066551458019137935, "IMMP2L": 0.0004489534469050038, "OTUD7B": 0.001345864716160567, "TAAR6": 0.0, "CHI3L1": 0.0018774911735316988, "CENPM": 6.076309448467709e-05, "CSMD1": 0.0009655232113298988, "DISC1": 0.0002644053705705863, "ATP2A2": 0.02631469223078843, "KDM3B": 0.003862764329456403, "CYP26B1": 0.004594874943591257, "CUL3": 0.0036279460356706656, "ADAMTSL3": 0.00017441480636210725, "DPYD": 0.00031022580354337514, "CACNB2": 0.0042525140672555325, "MPHOSPH9": 0.0005088791933483668, "PLCH2": 0.0021251396579093766, "STAG1": 0.0010942857865989734, "CACNA1I": 0.002183473904898808, "TYW5": 0.0002852511549115029, "VIPR2": 0.0006671061678707922, "NFATC3": 0.000964523748967026, "ZNF804A": 0.0010795596304177548, "PPP3CC": 0.0021793745079185466, "KCNN3": 0.0006187372095376178, "RGS4": 0.06867839306558812, "PRKD1": 0.0007651729808465178, "APOE": 0.11793236810865347, "SLC6A3": 0.0, "AKT1": 0.0035729621513267834, "TCF20": 0.0029051406953678072, "GRM3": 0.016368605850497462, "TSNARE1": 0.0010916774002496478, "MPP6": 0.0017079729695972572, "HTR2A": 0.0056865559610856315, "AMBRA1": 0.0023047107142900865, "BCL11B": 0.0007486543916781156, "DAO": 2.345441331031556e-05, "SLC1A1": 0.005674553546070302, "VRK2": 0.0009328490367351644, "ZDHHC8": 0.004520987294196881, "SDCCAG8": 0.0024349249075127765, "TMTC1": 0.0013851643155982627, "NLGN4X": 0.0031119099030683275}