{"GRAMD1B": 0.0078031820180669235, "GRIN2A": 0.007487257980017816, "PAK6": 0.0065210249968823825, "NOTCH4": 0.0007794671978395269, "RERE": 0.005695438579524386, "DGKI": 0.0010158952463046502, "CHRNA3": 0.00018597804137491548, "GIGYF2": 0.0019497977757276406, "MAN2A1": 0.0012252031597501359, "DRD4": 0.00035506478450432585, "PTGIS": 0.0005235079107837246, "COMT": 0.006920033288275274, "C3orf49": 0.0003139624955527159, "DRD3": 1.105956385197218e-05, "NRGN": 0.3747530234651148, "TMX2-CTNND1": 0.009389671816368492, "TNF": 8.819244193923074e-06, "CHRNA7": 0.00012570144000189606, "APOPT1": 0.0025123763417975523, "BDNF": 0.0013238367324435495, "SMG6": 0.0035068993137951057, "GALNT10": 0.0011855389664793875, "SATB2": 0.0034833238580471823, "NRXN1": 0.00801434501432653, "CACNA1C": 0.0012073711389168455, "AKT3": 0.009312314160664694, "APOL2": 0.006067347517905206, "EPC2": 0.0027326098184420685, "MTHFR": 0.0014939521368409019, "CNTN4": 0.001335886207778526, "RTN4R": 0.00838272918952622, "DAOA": 0.0, "CHRNA5": 9.346828168366376e-05, "DRD2": 0.000817769592336815, "SLC6A4": 1.3243719172448338e-05, "RGS6": 0.002014331056610702, "SHMT2": 0.0024009568794825954, "IGSF9B": 0.0002895614360690945, "TCF4": 0.006517120192359216, "NRG1": 0.0005862156943495433, "C10orf32": 0.004377862667392127, "C11orf31": 0.010622877107373923, "MAD1L1": 0.0012475823992941293, "SNAP91": 0.024793733592292037, "GPM6A": 0.09436867178269408, "ETF1": 0.007091571442380309, "ZNF536": 0.0028476690184707464, "CNNM2": 0.001957669442157672, "DTNBP1": 0.0049088290097795435, "CLCN3": 0.008658775345236056, "SRPK2": 0.01024206125070477, "NAB2": 0.005057989944813544, "HCN1": 0.004599962195132537, "IMMP2L": 0.00045136586548762196, "OTUD7B": 0.001964052693508897, "TAAR6": 6.9640170603034955e-06, "CHI3L1": 0.0019983361748674103, "CENPM": 9.49314408505e-05, "CSMD1": 0.0009404525660062196, "DISC1": 0.0003695305530706634, "ATP2A2": 0.02239614416773886, "KDM3B": 0.0040863704769859965, "CYP26B1": 0.006979621702126964, "CUL3": 0.0033786829862921647, "ADAMTSL3": 0.00020141325210893624, "DPYD": 0.0005133389184943384, "CACNB2": 0.004106145615526564, "MPHOSPH9": 0.0005224910356080353, "PLCH2": 0.0027412997764199518, "STAG1": 0.0011690360320002436, "CACNA1I": 0.00260702299217402, "TYW5": 0.00036665700756638485, "VIPR2": 0.0007997066603083637, "NFATC3": 0.0012805671013928614, "ZNF804A": 0.0009101311840111721, "PPP3CC": 0.0022681521541058148, "KCNN3": 0.0007154958970776883, "RGS4": 0.055252347553818866, "PRKD1": 0.000961742722519537, "APOE": 0.1343426420430504, "SLC6A3": 1.6332156407723254e-06, "AKT1": 0.004093018795146666, "TCF20": 0.002868061844458369, "GRM3": 0.020835679985391868, "TSNARE1": 0.0012893604883435765, "MPP6": 0.0015633092006973699, "HTR2A": 0.005374946252118018, "AMBRA1": 0.002926514127123372, "BCL11B": 0.0007383491299562477, "DAO": 2.6238968277603915e-05, "SLC1A1": 0.005549271792987637, "VRK2": 0.0013639669333700315, "ZDHHC8": 0.0048260709184989245, "SDCCAG8": 0.0025475927043845147, "TMTC1": 0.0014169081355105307, "NLGN4X": 0.0031882134816388786}