{"GRAMD1B": 0.01082407728724208, "GRIN2A": 0.007096506210388338, "PAK6": 0.0044552519336080385, "NOTCH4": 0.001024739659938377, "RERE": 0.005780398113186238, "DGKI": 0.0007475641008000026, "CHRNA3": 0.00015029898560174937, "GIGYF2": 0.002297752891135105, "MAN2A1": 0.0013788503844797367, "DRD4": 0.0004159426499644495, "PTGIS": 0.00040905850511604216, "COMT": 0.007840118802483519, "C3orf49": 0.00038967430288474247, "DRD3": 0.0, "NRGN": 0.3741036127471727, "TMX2-CTNND1": 0.010232360883145606, "TNF": 0.0, "CHRNA7": 0.0001271632674185936, "APOPT1": 0.002419256949172883, "BDNF": 0.0009059156014830283, "SMG6": 0.004117823924446899, "GALNT10": 0.00104411043262677, "SATB2": 0.003212166868523907, "NRXN1": 0.006541478780330815, "CACNA1C": 0.001126096180526047, "AKT3": 0.008217544825055783, "APOL2": 0.008250470841172319, "EPC2": 0.0024985019959557933, "MTHFR": 0.0014680467225563932, "CNTN4": 0.0016554678118149153, "RTN4R": 0.007512674315519102, "DAOA": 0.0, "CHRNA5": 0.00013847754988101021, "DRD2": 0.00024826067889716135, "SLC6A4": 2.4838745378219902e-05, "RGS6": 0.0022701628621607088, "SHMT2": 0.0030339991103551928, "IGSF9B": 0.00033458293363730336, "TCF4": 0.004970224408992515, "NRG1": 0.0007617206117231595, "C10orf32": 0.004105150733396855, "C11orf31": 0.010636133520173634, "MAD1L1": 0.001508834930272136, "SNAP91": 0.025122345093503053, "GPM6A": 0.07367798018188497, "ETF1": 0.006647494815125339, "ZNF536": 0.0032482341621626284, "CNNM2": 0.0024141526485049647, "DTNBP1": 0.004325651472742765, "CLCN3": 0.00915110003738562, "SRPK2": 0.009584122218864087, "NAB2": 0.005703902362427154, "HCN1": 0.006112590749340693, "IMMP2L": 0.0004939142537707901, "OTUD7B": 0.0024957269152095863, "TAAR6": 0.0, "CHI3L1": 0.0025644394400817553, "CENPM": 0.00011175797015964356, "CSMD1": 0.00093779126618976, "DISC1": 0.00036419862114555127, "ATP2A2": 0.027618467374455804, "KDM3B": 0.00411009441673161, "CYP26B1": 0.0037852817441496735, "CUL3": 0.0032605050041071924, "ADAMTSL3": 0.00023442932406685771, "DPYD": 0.0005325678625006245, "CACNB2": 0.003887188714841997, "MPHOSPH9": 0.0005284321004671264, "PLCH2": 0.00222701948864636, "STAG1": 0.0011496591193281456, "CACNA1I": 0.0025998010380998238, "TYW5": 0.0002782991821342785, "VIPR2": 0.0008721772054569876, "NFATC3": 0.0015163656807524071, "ZNF804A": 0.0008932214603460504, "PPP3CC": 0.002362525188118496, "KCNN3": 0.0006513990654727993, "RGS4": 0.06511303295756052, "PRKD1": 0.0009607806560734065, "APOE": 0.13891905953360562, "SLC6A3": 0.0, "AKT1": 0.004336684648013063, "TCF20": 0.0027401086049336225, "GRM3": 0.02252723633769477, "TSNARE1": 0.001565315290283313, "MPP6": 0.0014476182390686812, "HTR2A": 0.003953222314495169, "AMBRA1": 0.0029402474713246373, "BCL11B": 0.0010756453092527058, "DAO": 3.33301540371333e-05, "SLC1A1": 0.005618719846134405, "VRK2": 0.0011273204176574074, "ZDHHC8": 0.004873329719740113, "SDCCAG8": 0.0026280213423819105, "TMTC1": 0.0012520062030006026, "NLGN4X": 0.0026229363802557784}