{"GRAMD1B": 0.008605431123434938, "GRIN2A": 0.006120648998520518, "PAK6": 0.007036659994908848, "NOTCH4": 0.001093191181850776, "RERE": 0.006552561557704548, "DGKI": 0.0006757090849452795, "CHRNA3": 0.00012733520744240571, "GIGYF2": 0.002425840808091559, "MAN2A1": 0.0013343205326039015, "DRD4": 0.0004030637545456743, "PTGIS": 0.0009040757082154783, "COMT": 0.007854268012045744, "C3orf49": 0.000399697192265809, "DRD3": 0.0, "NRGN": 0.3039093686517748, "TMX2-CTNND1": 0.008356785893932857, "TNF": 0.0, "CHRNA7": 8.247906547564533e-05, "APOPT1": 0.0030031323585559266, "BDNF": 0.0013335346634822994, "SMG6": 0.004446286193164082, "GALNT10": 0.0017327604248913618, "SATB2": 0.0033205207475499147, "NRXN1": 0.007568522238858216, "CACNA1C": 0.0011962240833197789, "AKT3": 0.008285940438260935, "APOL2": 0.006630647248927471, "EPC2": 0.0028219310785681287, "MTHFR": 0.0014947705295301206, "CNTN4": 0.001728691190501975, "RTN4R": 0.006457564615421488, "DAOA": 0.0, "CHRNA5": 9.969805486426716e-05, "DRD2": 0.000202414348942776, "SLC6A4": 3.594084303379654e-05, "RGS6": 0.0017944407867075958, "SHMT2": 0.0026677753405470357, "IGSF9B": 0.0003237888954107981, "TCF4": 0.006868131392540662, "NRG1": 0.0006827842857153357, "C10orf32": 0.005569691086386466, "C11orf31": 0.011432753300423744, "MAD1L1": 0.0011055359420436032, "SNAP91": 0.0236998893783712, "GPM6A": 0.11061758624244754, "ETF1": 0.00748367601167063, "ZNF536": 0.0022558600808835158, "CNNM2": 0.0018962247135629706, "DTNBP1": 0.00556794672425434, "CLCN3": 0.00946711769913712, "SRPK2": 0.011007819888822237, "NAB2": 0.005233254602720489, "HCN1": 0.004148163377757257, "IMMP2L": 0.0005359486387844059, "OTUD7B": 0.002003065761452884, "TAAR6": 0.0, "CHI3L1": 0.0020947965555489427, "CENPM": 0.00011214379550130117, "CSMD1": 0.0009780563150090897, "DISC1": 0.0004226544138029151, "ATP2A2": 0.023547925986393436, "KDM3B": 0.005071608301855411, "CYP26B1": 0.002468321519616792, "CUL3": 0.003694476308542782, "ADAMTSL3": 0.0002470494213268567, "DPYD": 0.0005210302081899516, "CACNB2": 0.004394990053101463, "MPHOSPH9": 0.0005623761215320237, "PLCH2": 0.0026360438075799433, "STAG1": 0.0014991308685090884, "CACNA1I": 0.002566662370126053, "TYW5": 0.0003910168951585283, "VIPR2": 0.00090245667963525, "NFATC3": 0.0015135337494772856, "ZNF804A": 0.0009348778586310069, "PPP3CC": 0.0024917301231731533, "KCNN3": 0.0009645123624855617, "RGS4": 0.054382187956639495, "PRKD1": 0.0012489995330866542, "APOE": 0.17643243178613408, "SLC6A3": 2.3745225803266172e-06, "AKT1": 0.004490259410379832, "TCF20": 0.0033450907678024915, "GRM3": 0.025829092910624945, "TSNARE1": 0.0014478341620951275, "MPP6": 0.001898360990823481, "HTR2A": 0.0034968859534318013, "AMBRA1": 0.002596008431242331, "BCL11B": 0.0010803982678413422, "DAO": 5.304541246087517e-05, "SLC1A1": 0.006161588271599322, "VRK2": 0.001180404191294902, "ZDHHC8": 0.004381049881179352, "SDCCAG8": 0.002937679134007364, "TMTC1": 0.0013303355146590107, "NLGN4X": 0.003260016301024242}