{"GRAMD1B": 0.007771484821644292, "GRIN2A": 0.005956643270385004, "PAK6": 0.0059754816960194655, "NOTCH4": 0.0006753662426515503, "RERE": 0.005404800332622331, "DGKI": 0.000632616263293518, "CHRNA3": 6.270067917413908e-05, "GIGYF2": 0.0017525878249709994, "MAN2A1": 0.0008600298503396512, "DRD4": 0.0003948570365151399, "PTGIS": 0.00042582010206835565, "COMT": 0.0063772897863822895, "C3orf49": 0.0002702298431320958, "DRD3": 7.0794485133587765e-06, "NRGN": 0.4117442829413822, "TMX2-CTNND1": 0.007968774082152715, "TNF": 8.891523213419943e-06, "CHRNA7": 9.29430736375158e-05, "APOPT1": 0.002392280842290479, "BDNF": 0.0009366139077548934, "SMG6": 0.0032880450866571505, "GALNT10": 0.0009951567757832051, "SATB2": 0.0027404469243018084, "NRXN1": 0.0064994330710274285, "CACNA1C": 0.0010519976897891403, "AKT3": 0.006287796622883215, "APOL2": 0.005885554349716995, "EPC2": 0.00253119252220447, "MTHFR": 0.001276270560189875, "CNTN4": 0.001268203273434987, "RTN4R": 0.009509649689823612, "DAOA": 0.0, "CHRNA5": 0.00011301097301368089, "DRD2": 0.00035282815391636177, "SLC6A4": 2.2637665635096077e-05, "RGS6": 0.0019804279327710578, "SHMT2": 0.0023266966784984827, "IGSF9B": 0.0002441920706801245, "TCF4": 0.004345188268335964, "NRG1": 0.0004431668543714993, "C10orf32": 0.0036377533689593705, "C11orf31": 0.010520304663341027, "MAD1L1": 0.0011718576836917064, "SNAP91": 0.019617830590196398, "GPM6A": 0.08460518032206311, "ETF1": 0.005663233599253887, "ZNF536": 0.001936821804518445, "CNNM2": 0.0017576081700526346, "DTNBP1": 0.0042970169633072776, "CLCN3": 0.007096313535584856, "SRPK2": 0.008431472479667277, "NAB2": 0.004829496625046674, "HCN1": 0.004093734703103727, "IMMP2L": 0.00038178617605357114, "OTUD7B": 0.0014268762302753679, "TAAR6": 0.0, "CHI3L1": 0.0022933050412313237, "CENPM": 0.00010653454056382872, "CSMD1": 0.0008262842263868982, "DISC1": 0.0002656686676485238, "ATP2A2": 0.020902871217345482, "KDM3B": 0.003598931892633254, "CYP26B1": 0.004382866822282549, "CUL3": 0.002773100025133777, "ADAMTSL3": 0.000157899813481743, "DPYD": 0.00035373468929960803, "CACNB2": 0.0037772605603850814, "MPHOSPH9": 0.00041142140843333823, "PLCH2": 0.002668884659244213, "STAG1": 0.0009189853622989564, "CACNA1I": 0.002672014180783995, "TYW5": 0.0002533634161969457, "VIPR2": 0.000838642814216188, "NFATC3": 0.0010553443027306207, "ZNF804A": 0.0008977997955096576, "PPP3CC": 0.0020494407360008233, "KCNN3": 0.0006950818452496997, "RGS4": 0.051231065310706515, "PRKD1": 0.000949820003389638, "APOE": 0.15436871541576053, "SLC6A3": 0.0, "AKT1": 0.0037142900068017713, "TCF20": 0.0026669155125299817, "GRM3": 0.019387632827206947, "TSNARE1": 0.0012060465997733398, "MPP6": 0.0012067744944731528, "HTR2A": 0.0035959917939831897, "AMBRA1": 0.002551682970838918, "BCL11B": 0.0006678716089607898, "DAO": 3.104463658323046e-05, "SLC1A1": 0.004884521633327811, "VRK2": 0.0008466654056824911, "ZDHHC8": 0.0051784212499557045, "SDCCAG8": 0.002392298720405913, "TMTC1": 0.0008466496559141327, "NLGN4X": 0.002646567663149591}