{"GRAMD1B": 0.01055988860960952, "GRIN2A": 0.0070473560768017154, "PAK6": 0.004770279943511784, "NOTCH4": 0.0008818564998163097, "RERE": 0.0059166737178729676, "DGKI": 0.0007169181792675067, "CHRNA3": 6.041427924341882e-05, "GIGYF2": 0.002291442724989133, "MAN2A1": 0.0012429273213182635, "DRD4": 0.0004286038937371802, "PTGIS": 0.0005866565342165619, "COMT": 0.007188660945791492, "C3orf49": 0.00046367666343489903, "DRD3": 9.972755403330653e-06, "NRGN": 0.3889199404961159, "TMX2-CTNND1": 0.008792307466901066, "TNF": 3.3334250337873074e-05, "CHRNA7": 0.00010999343232908029, "APOPT1": 0.002416414983571656, "BDNF": 0.0007608593819746733, "SMG6": 0.0037968613327992993, "GALNT10": 0.0010111837154957494, "SATB2": 0.0030341706680388674, "NRXN1": 0.007065391014988936, "CACNA1C": 0.0011074628514170202, "AKT3": 0.008525746871581075, "APOL2": 0.008973131999541752, "EPC2": 0.002737396315469068, "MTHFR": 0.0013427355039238116, "CNTN4": 0.0015542267844028785, "RTN4R": 0.006796722920636017, "DAOA": 0.0, "CHRNA5": 7.913466171427824e-05, "DRD2": 0.0002490540531848191, "SLC6A4": 2.1813999368176866e-05, "RGS6": 0.0022515685998791253, "SHMT2": 0.0026771921269016213, "IGSF9B": 0.00029188912315846155, "TCF4": 0.005157633296204145, "NRG1": 0.0004818363477150201, "C10orf32": 0.003942627649453102, "C11orf31": 0.010702352704486995, "MAD1L1": 0.0014114984914993807, "SNAP91": 0.023875393056524988, "GPM6A": 0.07390975274875251, "ETF1": 0.0064253669866134785, "ZNF536": 0.002761687320925111, "CNNM2": 0.0020863459495161357, "DTNBP1": 0.003728228162296017, "CLCN3": 0.008762119926614683, "SRPK2": 0.010143545989059751, "NAB2": 0.0053335541917783206, "HCN1": 0.0063628453604665115, "IMMP2L": 0.0004351811568403295, "OTUD7B": 0.002297618163685716, "TAAR6": 1.1125390539120441e-05, "CHI3L1": 0.002318250305385194, "CENPM": 0.00014746154506262922, "CSMD1": 0.0010086634387407802, "DISC1": 0.00035135599132314616, "ATP2A2": 0.02672478651562097, "KDM3B": 0.00399084049306587, "CYP26B1": 0.004502615243850024, "CUL3": 0.003331471185429784, "ADAMTSL3": 0.00016988019279988507, "DPYD": 0.0004088671348679335, "CACNB2": 0.0035087216917990345, "MPHOSPH9": 0.0004941157242988387, "PLCH2": 0.00217102369879753, "STAG1": 0.0012009149163304535, "CACNA1I": 0.002500626202749515, "TYW5": 0.00029950608916517487, "VIPR2": 0.00112954493825241, "NFATC3": 0.0013600949876567815, "ZNF804A": 0.0009764028820812972, "PPP3CC": 0.0023398761562052023, "KCNN3": 0.0006161452935435173, "RGS4": 0.06307196483391532, "PRKD1": 0.0009483907919516193, "APOE": 0.14336307810306947, "SLC6A3": 2.543265025820909e-06, "AKT1": 0.004134172232516332, "TCF20": 0.00275741147110662, "GRM3": 0.01778281923409333, "TSNARE1": 0.0014795530632546895, "MPP6": 0.001476629643638513, "HTR2A": 0.00408050808606334, "AMBRA1": 0.002521225028114425, "BCL11B": 0.0008104250107583115, "DAO": 3.942703207045958e-05, "SLC1A1": 0.005445657318874402, "VRK2": 0.0011096890113675866, "ZDHHC8": 0.0045508373673550685, "SDCCAG8": 0.00264073229221238, "TMTC1": 0.001072374716651761, "NLGN4X": 0.002836004045124508}