{"GRAMD1B": 0.0090707981481268, "GRIN2A": 0.0086336403415015, "PAK6": 0.005873490573992348, "NOTCH4": 0.000764904341628815, "RERE": 0.005501715129709896, "DGKI": 0.0011001377097847199, "CHRNA3": 9.473870704553817e-05, "GIGYF2": 0.001963419989732781, "MAN2A1": 0.0009125646006659363, "DRD4": 0.0001643489977331759, "PTGIS": 0.0007233767386729753, "COMT": 0.005591701068387079, "C3orf49": 0.0004376364004014492, "DRD3": 3.7836971054198546e-06, "NRGN": 0.38027839196514296, "TMX2-CTNND1": 0.009257238773029959, "TNF": 4.752171796536561e-06, "CHRNA7": 0.0001261841269443307, "APOPT1": 0.0024379298738377198, "BDNF": 0.0013802641163355926, "SMG6": 0.0033141984245953038, "GALNT10": 0.0009533752197467164, "SATB2": 0.0036672697673995657, "NRXN1": 0.00861352489427657, "CACNA1C": 0.0013013183357425578, "AKT3": 0.01033393588744736, "APOL2": 0.007064210698821853, "EPC2": 0.0032308525688933623, "MTHFR": 0.0013012500879264536, "CNTN4": 0.0016003955381502513, "RTN4R": 0.00722025909171565, "DAOA": 0.0, "CHRNA5": 9.165934649261308e-05, "DRD2": 0.0006088292223175222, "SLC6A4": 8.895243765778459e-06, "RGS6": 0.002512426517255445, "SHMT2": 0.00227078524510878, "IGSF9B": 0.00029673649321829766, "TCF4": 0.006914136614753189, "NRG1": 0.0005772448966363721, "C10orf32": 0.0034922197507299604, "C11orf31": 0.011047278765380636, "MAD1L1": 0.0011096956493900202, "SNAP91": 0.02660894057278164, "GPM6A": 0.08666111506986042, "ETF1": 0.006969820151089938, "ZNF536": 0.0015964352557863801, "CNNM2": 0.0017985275389352836, "DTNBP1": 0.004191412899629243, "CLCN3": 0.008339868810224098, "SRPK2": 0.01136318024760168, "NAB2": 0.004947534272308633, "HCN1": 0.0064588883642856905, "IMMP2L": 0.00045888671812927635, "OTUD7B": 0.0013248824453393035, "TAAR6": 0.0, "CHI3L1": 0.0017295540528702196, "CENPM": 9.92373358189599e-05, "CSMD1": 0.001039924761568683, "DISC1": 0.0002965023984364853, "ATP2A2": 0.02598416761065574, "KDM3B": 0.003962408068577384, "CYP26B1": 0.006270502772075046, "CUL3": 0.0036246963979077273, "ADAMTSL3": 0.00016789416156244932, "DPYD": 0.00047497711915365284, "CACNB2": 0.004254484858631105, "MPHOSPH9": 0.00045998087857123966, "PLCH2": 0.0022001917086117853, "STAG1": 0.0011626468867953215, "CACNA1I": 0.0024626403558420363, "TYW5": 0.00034638749532037253, "VIPR2": 0.0008138615068424112, "NFATC3": 0.0010407763320461297, "ZNF804A": 0.0011491844084969257, "PPP3CC": 0.0023923174243221817, "KCNN3": 0.0006108660616851447, "RGS4": 0.07318949395039374, "PRKD1": 0.0008265440510073968, "APOE": 0.11856750362697935, "SLC6A3": 0.0, "AKT1": 0.0037554964396451134, "TCF20": 0.0029547973116132212, "GRM3": 0.01819402780029011, "TSNARE1": 0.001227967205668984, "MPP6": 0.0016796722967885194, "HTR2A": 0.006475770249073896, "AMBRA1": 0.002547015178617551, "BCL11B": 0.0006229232076807383, "DAO": 2.4806768695917875e-05, "SLC1A1": 0.006175606474617778, "VRK2": 0.0010272260383759632, "ZDHHC8": 0.0041602518058594315, "SDCCAG8": 0.0025842737136359565, "TMTC1": 0.0013830028582426878, "NLGN4X": 0.0032953825494210893}