{"GRAMD1B": 0.01013062444916882, "GRIN2A": 0.006053108457529467, "PAK6": 0.005115393210833353, "NOTCH4": 0.0009007555728088012, "RERE": 0.006507322187648525, "DGKI": 0.0005936342872172013, "CHRNA3": 0.0002529264967482622, "GIGYF2": 0.002273205830179369, "MAN2A1": 0.0011736881131685787, "DRD4": 0.0003746673953233707, "PTGIS": 0.0007646425117709268, "COMT": 0.0073947179623452125, "C3orf49": 0.000388855203704929, "DRD3": 1.3644244713864708e-05, "NRGN": 0.3918860307608336, "TMX2-CTNND1": 0.01003765075380965, "TNF": 1.3744679387413468e-05, "CHRNA7": 7.213130213707959e-05, "APOPT1": 0.002459993793799828, "BDNF": 0.0008416109534864579, "SMG6": 0.004015805888666694, "GALNT10": 0.0009963847840191577, "SATB2": 0.002761392442732113, "NRXN1": 0.006769325084373317, "CACNA1C": 0.0011648752220726672, "AKT3": 0.007048754803871546, "APOL2": 0.008988752633157085, "EPC2": 0.0028357160927950844, "MTHFR": 0.0013623347846820342, "CNTN4": 0.001194059851953371, "RTN4R": 0.007105226391151602, "DAOA": 0.0, "CHRNA5": 0.00013145875883253862, "DRD2": 0.0003263710689292641, "SLC6A4": 2.7309595671985118e-05, "RGS6": 0.0020076035349211262, "SHMT2": 0.002821974819617426, "IGSF9B": 0.00029015223289682, "TCF4": 0.005562179667387082, "NRG1": 0.0003622826822047704, "C10orf32": 0.004490293971633463, "C11orf31": 0.011521670466963469, "MAD1L1": 0.001285749196857587, "SNAP91": 0.02117851003418996, "GPM6A": 0.08046099659006133, "ETF1": 0.005975487729199182, "ZNF536": 0.0025501679626404893, "CNNM2": 0.002036522255743423, "DTNBP1": 0.0034791072401245465, "CLCN3": 0.008865771608679471, "SRPK2": 0.009014020887833409, "NAB2": 0.006397005420400461, "HCN1": 0.005322162909881767, "IMMP2L": 0.0004961528537006396, "OTUD7B": 0.002379996378782727, "TAAR6": 0.0, "CHI3L1": 0.002887852703650912, "CENPM": 0.00015278750467600965, "CSMD1": 0.0009875041262014275, "DISC1": 0.00030266430864105235, "ATP2A2": 0.024478024226622395, "KDM3B": 0.004274169196646981, "CYP26B1": 0.005148485534424308, "CUL3": 0.0031312612187771576, "ADAMTSL3": 0.0001103041535477706, "DPYD": 0.0004177860275513945, "CACNB2": 0.002933791442645286, "MPHOSPH9": 0.0006093280284244472, "PLCH2": 0.002053125357926864, "STAG1": 0.0014764361726941689, "CACNA1I": 0.002656409534409227, "TYW5": 0.0003158625288271422, "VIPR2": 0.001661220907078193, "NFATC3": 0.001534541412898834, "ZNF804A": 0.0007457760930004718, "PPP3CC": 0.0025121516998500783, "KCNN3": 0.0006196808123083743, "RGS4": 0.04776808760625502, "PRKD1": 0.0010946690004045789, "APOE": 0.1537836805934936, "SLC6A3": 0.0, "AKT1": 0.0046053544094087785, "TCF20": 0.0024326138933456827, "GRM3": 0.018028092843279338, "TSNARE1": 0.0016669137713194073, "MPP6": 0.0011636909641382614, "HTR2A": 0.003884744793332872, "AMBRA1": 0.00247132212228578, "BCL11B": 0.0006341938703140907, "DAO": 3.445719235057084e-05, "SLC1A1": 0.004586121325180408, "VRK2": 0.001237137936497052, "ZDHHC8": 0.004627173557535304, "SDCCAG8": 0.0027897348144794772, "TMTC1": 0.0007579521438543035, "NLGN4X": 0.0029228793152013964}