{"GRAMD1B": 0.007030850813963657, "GRIN2A": 0.0008340317771665109, "PAK6": 0.004496851914530954, "NOTCH4": 0.0009250657525379317, "RERE": 0.011843749569175362, "DGKI": 0.002216158330507296, "CHRNA3": 0.0002795414246810475, "GIGYF2": 0.004535601970318648, "MAN2A1": 0.0009561229669427087, "DRD4": 0.0006330042888992893, "PTGIS": 0.0038123837770653213, "COMT": 0.006768049081840704, "C3orf49": 0.00012859437561359678, "DRD3": 2.4767193191713822e-05, "NRGN": 0.045111148877698785, "TMX2-CTNND1": 0.013313466167994769, "TNF": 1.841718905439957e-05, "CHRNA7": 0.00011586315561740308, "APOPT1": 0.005604278621761961, "BDNF": 0.00021757946985652367, "SMG6": 0.006704184705357396, "GALNT10": 0.0014740294809495265, "SATB2": 0.06163712395777798, "NRXN1": 0.01849123418467591, "CACNA1C": 0.0016281788875040007, "AKT3": 0.048357886261884336, "APOL2": 0.001020290194462587, "EPC2": 0.010353694132321171, "MTHFR": 0.002168577776074406, "CNTN4": 0.0025388070404158396, "RTN4R": 0.006870892334894894, "DAOA": 0.0, "CHRNA5": 0.0009781546537189743, "DRD2": 0.00019943941535804086, "SLC6A4": 8.795072512364484e-05, "RGS6": 0.0026052281172289143, "SHMT2": 0.004213261495465099, "IGSF9B": 0.0003736853082756973, "TCF4": 0.034967794885308726, "NRG1": 0.0014104797861748562, "C10orf32": 0.004593086284964923, "C11orf31": 0.017362078004124076, "MAD1L1": 0.002592124337325981, "SNAP91": 0.02427752379993313, "GPM6A": 0.2612672160286585, "ETF1": 0.008599998898370322, "ZNF536": 0.0010081266341987957, "CNNM2": 0.002272223672928434, "DTNBP1": 0.0031574370627479127, "CLCN3": 0.011920818959276516, "SRPK2": 0.016712956656060936, "NAB2": 0.011834883649356295, "HCN1": 0.0030554390297445532, "IMMP2L": 0.0006393599809687031, "OTUD7B": 0.000602365823611975, "TAAR6": 4.090082946493513e-06, "CHI3L1": 0.0003136327885023855, "CENPM": 0.0005107911794426387, "CSMD1": 0.0011723294200050715, "DISC1": 0.00041516598235684523, "ATP2A2": 0.01862338350014121, "KDM3B": 0.010054103969019314, "CYP26B1": 0.0008801609135790011, "CUL3": 0.007550116013357687, "ADAMTSL3": 0.0006412834215520622, "DPYD": 0.000796323387259916, "CACNB2": 0.0014177572788730008, "MPHOSPH9": 0.0006826317621276409, "PLCH2": 0.0011363303851069804, "STAG1": 0.0066228619406982145, "CACNA1I": 0.00215391539367895, "TYW5": 0.0005587994091288064, "VIPR2": 0.00018189608012300144, "NFATC3": 0.0021114823859171967, "ZNF804A": 0.002758747664469675, "PPP3CC": 0.006996710469743096, "KCNN3": 0.0006259150951614247, "RGS4": 0.0010882700862952274, "PRKD1": 0.0010944944366519402, "APOE": 0.09295385258468908, "SLC6A3": 1.1756790587330366e-06, "AKT1": 0.012844794448082805, "TCF20": 0.011683082666629246, "GRM3": 0.03376510647307816, "TSNARE1": 0.0019416527341150074, "MPP6": 0.0050922698040464474, "HTR2A": 0.0006239793280095595, "AMBRA1": 0.006160955664994968, "BCL11B": 0.017268630571650012, "DAO": 5.8217483355691384e-05, "SLC1A1": 0.010411456857394046, "VRK2": 0.0020451619052379065, "ZDHHC8": 0.003198027602729767, "SDCCAG8": 0.009182815351070671, "TMTC1": 0.0011102154870919515, "NLGN4X": 0.0046602469558883535}