{"GRAMD1B": 0.00803579782766124, "GRIN2A": 0.0008194767083667298, "PAK6": 0.0029160182232118802, "NOTCH4": 0.0021232970770583034, "RERE": 0.015392106484602226, "DGKI": 0.0023061242855114397, "CHRNA3": 0.005561847485395528, "GIGYF2": 0.006523526410733143, "MAN2A1": 0.002338200934226383, "DRD4": 0.0036153290933104774, "PTGIS": 0.0046762272495060354, "COMT": 0.016173727508916918, "C3orf49": 0.00031189967775428014, "DRD3": 1.6523184740814183e-05, "NRGN": 0.005228189222128755, "TMX2-CTNND1": 0.025045840422208303, "TNF": 6.758897844432541e-06, "CHRNA7": 0.0002401453453431056, "APOPT1": 0.009798137418055462, "BDNF": 0.0002618408444373433, "SMG6": 0.010041144171675691, "GALNT10": 0.0043128441566068895, "SATB2": 0.002804310117513697, "NRXN1": 0.0172273835572467, "CACNA1C": 0.0014565573254238105, "AKT3": 0.018548141644346386, "APOL2": 0.003371823397992455, "EPC2": 0.011949163877379852, "MTHFR": 0.0030069946944592963, "CNTN4": 0.0037213279047752937, "RTN4R": 0.005906965010566628, "DAOA": 0.0, "CHRNA5": 0.00173133727410155, "DRD2": 0.0005409145558927605, "SLC6A4": 0.0004030860111626777, "RGS6": 0.0021391359738016113, "SHMT2": 0.013751841509218862, "IGSF9B": 0.0011922162890366569, "TCF4": 0.028789653604149413, "NRG1": 0.005476527177372686, "C10orf32": 0.011719222667023951, "C11orf31": 0.027313395215485457, "MAD1L1": 0.003363398353237534, "SNAP91": 0.026002198580469038, "GPM6A": 0.2083138020033917, "ETF1": 0.013939362027765292, "ZNF536": 0.009936043157136995, "CNNM2": 0.003912123486847659, "DTNBP1": 0.0042810049470695145, "CLCN3": 0.02201113348795269, "SRPK2": 0.01951428485212216, "NAB2": 0.01402608162981128, "HCN1": 0.0041704762645865465, "IMMP2L": 0.002537774525570997, "OTUD7B": 0.0015903810272005802, "TAAR6": 0.0, "CHI3L1": 0.00013182319684952815, "CENPM": 0.004183964619946891, "CSMD1": 0.0013770873909662985, "DISC1": 0.001310574821206112, "ATP2A2": 0.029066761095617125, "KDM3B": 0.022639582818242767, "CYP26B1": 0.04783924869077626, "CUL3": 0.010003956724519805, "ADAMTSL3": 0.0007678031289298753, "DPYD": 0.00041192300756693137, "CACNB2": 0.001449811071481771, "MPHOSPH9": 0.002058454993063531, "PLCH2": 0.0053235098720509685, "STAG1": 0.010287524052266937, "CACNA1I": 0.00045944757694445134, "TYW5": 0.0009818363402885476, "VIPR2": 0.0030666836349185467, "NFATC3": 0.005605952824141093, "ZNF804A": 0.003887459625371428, "PPP3CC": 0.0058158543808601365, "KCNN3": 0.0005551833727650248, "RGS4": 0.002071414593735175, "PRKD1": 0.00549734303352276, "APOE": 0.09605994821169006, "SLC6A3": 0.00010886892407053228, "AKT1": 0.015779877668811733, "TCF20": 0.008616631552476566, "GRM3": 0.02293999980959987, "TSNARE1": 0.002436255861314501, "MPP6": 0.004835191181763719, "HTR2A": 0.0008812447535742446, "AMBRA1": 0.0070465101561957375, "BCL11B": 0.0013124115143958244, "DAO": 0.00042491057921254264, "SLC1A1": 0.007829876305228078, "VRK2": 0.002761829693247448, "ZDHHC8": 0.00650699617202573, "SDCCAG8": 0.0056986211826223964, "TMTC1": 0.0011313328378592946, "NLGN4X": 0.0075032281408728575}