{"GRAMD1B": 0.008840132296130222, "GRIN2A": 0.001007183438067009, "PAK6": 0.006762606445081714, "NOTCH4": 0.0008628058039298927, "RERE": 0.013884861408698887, "DGKI": 0.002539899065578281, "CHRNA3": 0.0006636102049437329, "GIGYF2": 0.005256680119947903, "MAN2A1": 0.0012134627372720839, "DRD4": 0.0005671340080156825, "PTGIS": 0.004522073681140375, "COMT": 0.006873316712956562, "C3orf49": 0.00013164174713376528, "DRD3": 7.042774038950868e-05, "NRGN": 0.03670002821767279, "TMX2-CTNND1": 0.016882594138518937, "TNF": 0.0, "CHRNA7": 0.00016785591029503885, "APOPT1": 0.006076604130795507, "BDNF": 0.00032939074496728685, "SMG6": 0.007954074614532534, "GALNT10": 0.0016384368568279784, "SATB2": 0.043845684199066516, "NRXN1": 0.02198265646482047, "CACNA1C": 0.002071155756885255, "AKT3": 0.05382781680134879, "APOL2": 0.0006919891770995287, "EPC2": 0.013342911234191505, "MTHFR": 0.002474329529904075, "CNTN4": 0.002051019526104269, "RTN4R": 0.00758007042995327, "DAOA": 0.0, "CHRNA5": 0.0016762251388300095, "DRD2": 0.0005989168984277063, "SLC6A4": 8.778224675384042e-05, "RGS6": 0.0038106755277447775, "SHMT2": 0.005484772669659529, "IGSF9B": 0.00041830864029645734, "TCF4": 0.040550066477131365, "NRG1": 0.0015869479506686415, "C10orf32": 0.005615182170425939, "C11orf31": 0.019701921218536245, "MAD1L1": 0.0031189274728954217, "SNAP91": 0.029754593204532144, "GPM6A": 0.2560113630071415, "ETF1": 0.009727061822845173, "ZNF536": 0.0020329624060464813, "CNNM2": 0.002927148843955261, "DTNBP1": 0.003896668738391855, "CLCN3": 0.01437566719648844, "SRPK2": 0.02038809806728142, "NAB2": 0.015596965042048253, "HCN1": 0.003150309347640603, "IMMP2L": 0.0008240424450547743, "OTUD7B": 0.0005058842415595999, "TAAR6": 0.0, "CHI3L1": 0.00010459513464185456, "CENPM": 0.0010833471326823006, "CSMD1": 0.0015098800682946366, "DISC1": 0.0004439793504992713, "ATP2A2": 0.021786201801299757, "KDM3B": 0.012680192313037008, "CYP26B1": 0.0036400029952402455, "CUL3": 0.009425381905655108, "ADAMTSL3": 0.0007558373563325276, "DPYD": 0.001245461769172857, "CACNB2": 0.0014355657772022901, "MPHOSPH9": 0.0008024302814059157, "PLCH2": 0.0011544081345467435, "STAG1": 0.008730990356853416, "CACNA1I": 0.002296071862161571, "TYW5": 0.0006085954545601562, "VIPR2": 0.0001639628157907568, "NFATC3": 0.0024061965710624983, "ZNF804A": 0.0029516614228974627, "PPP3CC": 0.008349350496489058, "KCNN3": 0.0010320206841899766, "RGS4": 0.0007240832516985693, "PRKD1": 0.0015314323442902785, "APOE": 0.03020840761315265, "SLC6A3": 3.4091294746706964e-05, "AKT1": 0.016238404821227716, "TCF20": 0.0143012584417221, "GRM3": 0.0343059804030024, "TSNARE1": 0.0020792827761235326, "MPP6": 0.004856770389464883, "HTR2A": 0.0011509928012405936, "AMBRA1": 0.0077895291514327655, "BCL11B": 0.020859641371915573, "DAO": 4.4157408367575315e-05, "SLC1A1": 0.013454183155609641, "VRK2": 0.002491975708164654, "ZDHHC8": 0.003741428195333957, "SDCCAG8": 0.009796187394723488, "TMTC1": 0.001318403607306409, "NLGN4X": 0.00550873186683375}