{"GRAMD1B": 0.006037015045292665, "GRIN2A": 0.0004959502798788506, "PAK6": 0.004488642706182547, "NOTCH4": 0.0008652903005728214, "RERE": 0.013946799987106635, "DGKI": 0.002402736045548133, "CHRNA3": 0.0002987203858538366, "GIGYF2": 0.004931688141563069, "MAN2A1": 0.001122853968763124, "DRD4": 0.0005142687203568459, "PTGIS": 0.004015604509404058, "COMT": 0.006918837726492697, "C3orf49": 0.00015963490696066886, "DRD3": 5.5948202176694865e-06, "NRGN": 0.02415898172504737, "TMX2-CTNND1": 0.015803043996189713, "TNF": 1.5945107756578286e-06, "CHRNA7": 0.00018367319761761227, "APOPT1": 0.005116949645353529, "BDNF": 0.00021994508920597026, "SMG6": 0.007422060594477002, "GALNT10": 0.0017377707257509574, "SATB2": 0.049009323727418536, "NRXN1": 0.017545750988501942, "CACNA1C": 0.0012901331628254998, "AKT3": 0.06399984309684979, "APOL2": 0.0008415186635436246, "EPC2": 0.011416382594776887, "MTHFR": 0.0023281040527930877, "CNTN4": 0.002353252967353044, "RTN4R": 0.006242896752910589, "DAOA": 0.0, "CHRNA5": 0.0014638364294857725, "DRD2": 9.846589225197532e-05, "SLC6A4": 0.00011147117262126321, "RGS6": 0.004395595885166317, "SHMT2": 0.004592789850212268, "IGSF9B": 0.0006065877270341393, "TCF4": 0.026262223035881653, "NRG1": 0.0012170746862017205, "C10orf32": 0.004677070000337057, "C11orf31": 0.01484405769999502, "MAD1L1": 0.002560301933911257, "SNAP91": 0.02818706325782332, "GPM6A": 0.2970727030750269, "ETF1": 0.008649035950953529, "ZNF536": 0.0011647302760595438, "CNNM2": 0.0028510965168475136, "DTNBP1": 0.0027690493022689273, "CLCN3": 0.012780868543230978, "SRPK2": 0.01939786100059641, "NAB2": 0.011057238540163562, "HCN1": 0.0027675699373779783, "IMMP2L": 0.0007498214879316856, "OTUD7B": 0.00040460857029069616, "TAAR6": 9.276025494225526e-06, "CHI3L1": 0.0002353486650010044, "CENPM": 0.00033416367438086566, "CSMD1": 0.001365063409394696, "DISC1": 0.00030684358171663206, "ATP2A2": 0.020326480816293645, "KDM3B": 0.011623640858460129, "CYP26B1": 0.003193007647888441, "CUL3": 0.00793780449522523, "ADAMTSL3": 0.0008545869278460897, "DPYD": 0.00025493320518498683, "CACNB2": 0.0012084221511433682, "MPHOSPH9": 0.0007255812590972363, "PLCH2": 0.0007567768476818359, "STAG1": 0.0071918214920366815, "CACNA1I": 0.0012389616390540699, "TYW5": 0.0005278588927608045, "VIPR2": 9.305381923102734e-05, "NFATC3": 0.002535926502452783, "ZNF804A": 0.002313206512859801, "PPP3CC": 0.0072033598888671824, "KCNN3": 0.0007684173318725293, "RGS4": 0.0005084609956869361, "PRKD1": 0.0012063111432570398, "APOE": 0.04798899540910191, "SLC6A3": 2.484221960012036e-06, "AKT1": 0.013175250413013156, "TCF20": 0.013696302135025812, "GRM3": 0.028402593844276437, "TSNARE1": 0.00171804730346919, "MPP6": 0.004632800880752258, "HTR2A": 0.00031545831198576905, "AMBRA1": 0.0066797072839323785, "BCL11B": 0.04760594559703352, "DAO": 4.8500586554760024e-05, "SLC1A1": 0.011469575520426621, "VRK2": 0.0019549332670362194, "ZDHHC8": 0.0030806365192735325, "SDCCAG8": 0.009471709287806107, "TMTC1": 0.00047912779799699404, "NLGN4X": 0.003600046185937833}