{"GRAMD1B": 0.007897488385175878, "GRIN2A": 0.00028612541023034484, "PAK6": 0.014707171975840285, "NOTCH4": 0.0017505432642916546, "RERE": 0.011442937858749115, "DGKI": 0.0019558759188156496, "CHRNA3": 0.00033533204561034133, "GIGYF2": 0.003349171702766293, "MAN2A1": 0.0017114273653482336, "DRD4": 0.0009800193480538565, "PTGIS": 0.005044641143004854, "COMT": 0.012313155983774231, "C3orf49": 0.0002095491068340821, "DRD3": 4.6587077463051286e-05, "NRGN": 0.004754690031256598, "TMX2-CTNND1": 0.016054465013783808, "TNF": 1.4362241117403339e-05, "CHRNA7": 0.00031603207847642517, "APOPT1": 0.011402131488903679, "BDNF": 0.003029067209683669, "SMG6": 0.005629622041612646, "GALNT10": 0.001994524436070247, "SATB2": 0.00038125365302100784, "NRXN1": 0.02446955587214313, "CACNA1C": 0.0019804428827414973, "AKT3": 0.01866914793686821, "APOL2": 0.001948479117342768, "EPC2": 0.0062281218658330455, "MTHFR": 0.002379920247830516, "CNTN4": 0.00859573859747929, "RTN4R": 0.009019942365505705, "DAOA": 0.0, "CHRNA5": 0.0003830016388334687, "DRD2": 0.003864921344378892, "SLC6A4": 0.00010343428905175317, "RGS6": 0.0010870146949071302, "SHMT2": 0.005309742307450749, "IGSF9B": 0.0008882154503919154, "TCF4": 0.00451867020861324, "NRG1": 0.0006422215071754024, "C10orf32": 0.008484126280840849, "C11orf31": 0.02314829897435751, "MAD1L1": 0.0025068988122415353, "SNAP91": 0.04698202709411605, "GPM6A": 0.15531505055908693, "ETF1": 0.011801007827352314, "ZNF536": 0.0005879139920888042, "CNNM2": 0.002824017162894539, "DTNBP1": 0.00781891667333353, "CLCN3": 0.013622502536969502, "SRPK2": 0.017238762965891084, "NAB2": 0.0061332840357759795, "HCN1": 0.0007537655405094211, "IMMP2L": 0.0012768685761153187, "OTUD7B": 0.0007549036512337331, "TAAR6": 0.0, "CHI3L1": 0.0016778295170329892, "CENPM": 0.0009329386774623868, "CSMD1": 0.0009302899864485672, "DISC1": 0.0006400283442694432, "ATP2A2": 0.023176588964416867, "KDM3B": 0.008187073037625343, "CYP26B1": 0.0018074323557505621, "CUL3": 0.006902189103453077, "ADAMTSL3": 0.00017811265883637046, "DPYD": 0.0001419136590450423, "CACNB2": 0.002480583027744005, "MPHOSPH9": 0.0005782786168082442, "PLCH2": 0.002522533852483843, "STAG1": 0.00471608659100003, "CACNA1I": 0.002814950008216912, "TYW5": 0.0006990237001992207, "VIPR2": 0.0006113048220077426, "NFATC3": 0.0017916370417374843, "ZNF804A": 0.0021180170459670178, "PPP3CC": 0.008791378612240044, "KCNN3": 0.0010594352518981842, "RGS4": 0.0016754061692713536, "PRKD1": 0.0008968928559884351, "APOE": 0.3200599252877211, "SLC6A3": 1.0637232430736614e-05, "AKT1": 0.012671436311701569, "TCF20": 0.006451172034432369, "GRM3": 0.022710567933126258, "TSNARE1": 0.0014492814155027567, "MPP6": 0.0018990655451514489, "HTR2A": 0.0009300954875496637, "AMBRA1": 0.007535298045049135, "BCL11B": 0.0018124960051958286, "DAO": 4.105773254259121e-05, "SLC1A1": 0.01114057137308074, "VRK2": 0.001559814388466168, "ZDHHC8": 0.003485147302080227, "SDCCAG8": 0.005367023485316587, "TMTC1": 0.0012091074135873313, "NLGN4X": 0.008683721384799043}