{"GRAMD1B": 0.006471845435006285, "GRIN2A": 0.0006249630110917853, "PAK6": 0.0049367152830044475, "NOTCH4": 0.0007987214452384573, "RERE": 0.01269025210309174, "DGKI": 0.0023277801040788052, "CHRNA3": 0.0002783353902542675, "GIGYF2": 0.004629433926266607, "MAN2A1": 0.0011302150008723757, "DRD4": 0.0004508131582116209, "PTGIS": 0.0035045384162107553, "COMT": 0.006577214378254924, "C3orf49": 0.00015076559141926206, "DRD3": 2.588853445486701e-06, "NRGN": 0.02981450829905285, "TMX2-CTNND1": 0.015412337770895426, "TNF": 4.6815351962256176e-06, "CHRNA7": 0.00015319147980397932, "APOPT1": 0.0053378153802753825, "BDNF": 0.0001884025234977992, "SMG6": 0.007235069458957394, "GALNT10": 0.0017969484353762915, "SATB2": 0.05129015329903243, "NRXN1": 0.017829868973009068, "CACNA1C": 0.0014763669107035887, "AKT3": 0.06607803107477518, "APOL2": 0.0007327288087200616, "EPC2": 0.01082605284294715, "MTHFR": 0.0022709563055020045, "CNTN4": 0.0026332427649748843, "RTN4R": 0.0067073457976472755, "DAOA": 7.525787023864329e-07, "CHRNA5": 0.0014298331093414596, "DRD2": 8.709841300498545e-05, "SLC6A4": 7.995648002346411e-05, "RGS6": 0.004729516086982359, "SHMT2": 0.004413953338641807, "IGSF9B": 0.0004597531102124278, "TCF4": 0.02922453803628171, "NRG1": 0.0013776689443788894, "C10orf32": 0.004966371033651905, "C11orf31": 0.015179402919224375, "MAD1L1": 0.0024124059437479767, "SNAP91": 0.02858326475857955, "GPM6A": 0.29889874236307923, "ETF1": 0.008681736671760181, "ZNF536": 0.0008383826166239972, "CNNM2": 0.0026294715142803488, "DTNBP1": 0.002965160807849322, "CLCN3": 0.012825328669155716, "SRPK2": 0.0196871591485702, "NAB2": 0.012079865819577507, "HCN1": 0.003112501827562741, "IMMP2L": 0.0007907770786376388, "OTUD7B": 0.0003465023351431422, "TAAR6": 0.0, "CHI3L1": 0.0003117500719563869, "CENPM": 0.0002574047543789646, "CSMD1": 0.0012682876889444097, "DISC1": 0.0002808390868908109, "ATP2A2": 0.01990214046657911, "KDM3B": 0.010955543064708709, "CYP26B1": 0.002865264378312465, "CUL3": 0.007792540367655544, "ADAMTSL3": 0.000869975576607895, "DPYD": 0.0002888892150783713, "CACNB2": 0.0012231716547931035, "MPHOSPH9": 0.0006233657085443407, "PLCH2": 0.0007636000971682705, "STAG1": 0.0066635181384657955, "CACNA1I": 0.001699822483917194, "TYW5": 0.0005029407965226388, "VIPR2": 8.713126537797876e-05, "NFATC3": 0.002272879898394377, "ZNF804A": 0.002637723511654592, "PPP3CC": 0.007489910935751427, "KCNN3": 0.0005592098510817882, "RGS4": 0.0006452444523770822, "PRKD1": 0.0009098745674742487, "APOE": 0.036316770996949, "SLC6A3": 2.8026820486537442e-06, "AKT1": 0.01324449901246653, "TCF20": 0.013334341607241946, "GRM3": 0.031562146475281015, "TSNARE1": 0.0018417760746830968, "MPP6": 0.004189767592620555, "HTR2A": 0.00031531484260487246, "AMBRA1": 0.006992917211232032, "BCL11B": 0.03813465129296012, "DAO": 5.018106316648621e-05, "SLC1A1": 0.01127045107101908, "VRK2": 0.0021360259901335886, "ZDHHC8": 0.0031741019000868322, "SDCCAG8": 0.01029623052017805, "TMTC1": 0.0005685104587387456, "NLGN4X": 0.003974309338845817}