{"GRAMD1B": 0.006988959955722837, "GRIN2A": 0.0006066811641062382, "PAK6": 0.013974129047134236, "NOTCH4": 0.0013381170878327205, "RERE": 0.014735582449091922, "DGKI": 0.002411899808721082, "CHRNA3": 0.0011056307186458774, "GIGYF2": 0.0052683480665714965, "MAN2A1": 0.0009133188672249684, "DRD4": 0.0008016545995623396, "PTGIS": 0.004041770324913571, "COMT": 0.00927163708765802, "C3orf49": 0.00014855608477422214, "DRD3": 0.003242629365109415, "NRGN": 0.07703332751194976, "TMX2-CTNND1": 0.016707247464850382, "TNF": 7.209849072772701e-06, "CHRNA7": 0.00018067994042802505, "APOPT1": 0.008351165197754454, "BDNF": 0.0005268991457946958, "SMG6": 0.007484141086936877, "GALNT10": 0.0018646880051193632, "SATB2": 0.0015363506167277992, "NRXN1": 0.015957826587040175, "CACNA1C": 0.0024045133997897664, "AKT3": 0.01798439721481649, "APOL2": 0.0015865684730335485, "EPC2": 0.01044954531791828, "MTHFR": 0.002449899878074041, "CNTN4": 0.005643935366219543, "RTN4R": 0.004993133478545075, "DAOA": 0.0, "CHRNA5": 0.0021449801570933816, "DRD2": 0.016202756482874392, "SLC6A4": 2.328721047989759e-05, "RGS6": 0.0013982266813517322, "SHMT2": 0.006110126068320915, "IGSF9B": 0.0015645843690439034, "TCF4": 0.011023830924212549, "NRG1": 0.0007244984176266963, "C10orf32": 0.007447970373503556, "C11orf31": 0.02724599985721426, "MAD1L1": 0.0044185760869778785, "SNAP91": 0.02105375058564405, "GPM6A": 0.12614535270936106, "ETF1": 0.011656687503544936, "ZNF536": 0.002743820108288647, "CNNM2": 0.002411241539803157, "DTNBP1": 0.010699091573883731, "CLCN3": 0.013592496810819431, "SRPK2": 0.016647404835948083, "NAB2": 0.012694998672380987, "HCN1": 0.0014975676063133682, "IMMP2L": 0.0012020056101977807, "OTUD7B": 0.0007609823905993683, "TAAR6": 0.0, "CHI3L1": 0.0005775435304379463, "CENPM": 0.001931087806968868, "CSMD1": 0.0007260596453229474, "DISC1": 0.00058243126857978, "ATP2A2": 0.02142109290086556, "KDM3B": 0.012062394761926184, "CYP26B1": 0.0016422496288990278, "CUL3": 0.007657846784540152, "ADAMTSL3": 0.00015101594928115602, "DPYD": 0.0003437708023854669, "CACNB2": 0.0026373818475391984, "MPHOSPH9": 0.0009987242724400311, "PLCH2": 0.0021149598529602567, "STAG1": 0.008052299472949647, "CACNA1I": 0.0009248238619757223, "TYW5": 0.0006159945888029702, "VIPR2": 0.0002859352038303136, "NFATC3": 0.0030163469311297307, "ZNF804A": 0.0028871051379484873, "PPP3CC": 0.007041983849520765, "KCNN3": 0.0009740734312999273, "RGS4": 0.002730803754699061, "PRKD1": 0.0016497449181690409, "APOE": 0.12852792048729614, "SLC6A3": 1.0694910901336808e-05, "AKT1": 0.0154359905515359, "TCF20": 0.016020323901452388, "GRM3": 0.057975123306734315, "TSNARE1": 0.002281530148214556, "MPP6": 0.002817129988366357, "HTR2A": 0.0007642001786243021, "AMBRA1": 0.009418337967821508, "BCL11B": 0.05519394294653337, "DAO": 6.50176532202438e-05, "SLC1A1": 0.013817054613480055, "VRK2": 0.0018884189320696192, "ZDHHC8": 0.003563480606854827, "SDCCAG8": 0.0049255503718237895, "TMTC1": 0.002381772619003557, "NLGN4X": 0.006492037570237264}