{"GRAMD1B": 0.007188102274488004, "GRIN2A": 0.0007574948182940637, "PAK6": 0.0067559237243386494, "NOTCH4": 0.0012711341671051985, "RERE": 0.013976437581015027, "DGKI": 0.0019644212170218584, "CHRNA3": 0.00028349346116015515, "GIGYF2": 0.00479168380364736, "MAN2A1": 0.0009526179119293733, "DRD4": 0.0009468571237635332, "PTGIS": 0.00362509327075511, "COMT": 0.008025535702553314, "C3orf49": 0.00015744115708864038, "DRD3": 4.525599925654461e-06, "NRGN": 0.045106874854644506, "TMX2-CTNND1": 0.016810208161240903, "TNF": 1.9928497266085703e-06, "CHRNA7": 0.00015468537505439314, "APOPT1": 0.006687871462228571, "BDNF": 0.0004997723659718418, "SMG6": 0.007463864886626653, "GALNT10": 0.001707413048899207, "SATB2": 0.056346974783009075, "NRXN1": 0.01663186081390211, "CACNA1C": 0.001493602427490084, "AKT3": 0.043378959758474105, "APOL2": 0.0010452222879640746, "EPC2": 0.011891864360671491, "MTHFR": 0.002622139405262789, "CNTN4": 0.0034074690460181357, "RTN4R": 0.008798383285472881, "DAOA": 1.0939054881546469e-06, "CHRNA5": 0.0014465740037210705, "DRD2": 0.00024277516121956705, "SLC6A4": 0.00016062587223529098, "RGS6": 0.002681925955271387, "SHMT2": 0.005751566173952129, "IGSF9B": 0.00033500698496638487, "TCF4": 0.027574525282047343, "NRG1": 0.0015463366280490953, "C10orf32": 0.005462244463716861, "C11orf31": 0.02012700507662221, "MAD1L1": 0.00310891149378888, "SNAP91": 0.02681929845750584, "GPM6A": 0.299386068679002, "ETF1": 0.00942739362772077, "ZNF536": 0.0015909033900111385, "CNNM2": 0.002664481824648865, "DTNBP1": 0.0033670261141950947, "CLCN3": 0.012468371129967154, "SRPK2": 0.01850267554525776, "NAB2": 0.01268923596825588, "HCN1": 0.0023808166377369635, "IMMP2L": 0.0008876367940972337, "OTUD7B": 0.0005720829832105888, "TAAR6": 3.1200670538377272e-06, "CHI3L1": 0.0001228168804190134, "CENPM": 0.0011756898190664314, "CSMD1": 0.001602940921693896, "DISC1": 0.0003268192380680094, "ATP2A2": 0.01897044342100342, "KDM3B": 0.011371772652112495, "CYP26B1": 0.0017383983814140429, "CUL3": 0.00756620705428131, "ADAMTSL3": 0.001050051150743118, "DPYD": 0.0003954844062707477, "CACNB2": 0.0011864008529622544, "MPHOSPH9": 0.0008045510978941263, "PLCH2": 0.0013373895724934511, "STAG1": 0.007863766465167841, "CACNA1I": 0.0025155287594525915, "TYW5": 0.0005622393705564797, "VIPR2": 0.00020838466344487455, "NFATC3": 0.0026424741619285193, "ZNF804A": 0.002731185646669338, "PPP3CC": 0.00805296824946565, "KCNN3": 0.0008922946314107867, "RGS4": 0.00048215471219618445, "PRKD1": 0.0016293715924034769, "APOE": 0.04080112046172922, "SLC6A3": 6.271744251149293e-06, "AKT1": 0.016844794521300274, "TCF20": 0.011483573352790368, "GRM3": 0.023315501769052102, "TSNARE1": 0.002107923876482611, "MPP6": 0.003911420090104696, "HTR2A": 0.0006311350885564191, "AMBRA1": 0.006946549424022482, "BCL11B": 0.02971588004626789, "DAO": 5.144166665546514e-05, "SLC1A1": 0.01170779800891343, "VRK2": 0.0018134449470240913, "ZDHHC8": 0.004400510904232068, "SDCCAG8": 0.008419593781340941, "TMTC1": 0.000725863199375059, "NLGN4X": 0.004624718442246665}