{"GRAMD1B": 0.007022198652039746, "GRIN2A": 0.007905766116848364, "PAK6": 0.007801687047753439, "NOTCH4": 0.0012552946583334831, "RERE": 0.00457648384025086, "DGKI": 0.0010914220726305568, "CHRNA3": 0.00012082329038675283, "GIGYF2": 0.001702749533259467, "MAN2A1": 0.0006875059947151088, "DRD4": 0.00022055361856547959, "PTGIS": 0.000947334398383067, "COMT": 0.00751349322007803, "C3orf49": 0.00016124291969296206, "DRD3": 1.808338390712907e-06, "NRGN": 0.3418989670307717, "TMX2-CTNND1": 0.007072890582525019, "TNF": 0.0, "CHRNA7": 7.980017822859413e-05, "APOPT1": 0.0031814873642165647, "BDNF": 0.0009764757906989477, "SMG6": 0.002373218627918665, "GALNT10": 0.0012728302210391613, "SATB2": 0.0043040152839949, "NRXN1": 0.010832204619121613, "CACNA1C": 0.0010229386231319527, "AKT3": 0.007889713606665686, "APOL2": 0.0016246647734184255, "EPC2": 0.0025807146610054565, "MTHFR": 0.0010188472539499954, "CNTN4": 0.0014839249762211345, "RTN4R": 0.004874889970745043, "DAOA": 0.0, "CHRNA5": 0.00016140372788010608, "DRD2": 0.0003719735957030638, "SLC6A4": 1.2134267330904435e-05, "RGS6": 0.0011857349735031688, "SHMT2": 0.002465443106180878, "IGSF9B": 0.00026562170536749527, "TCF4": 0.008062141659733534, "NRG1": 0.0010114439045087597, "C10orf32": 0.00475435735393471, "C11orf31": 0.00984540852069189, "MAD1L1": 0.0010086951067611318, "SNAP91": 0.020064450342711274, "GPM6A": 0.14231465586136324, "ETF1": 0.006545286390812534, "ZNF536": 0.000785925834462125, "CNNM2": 0.0011199818425717627, "DTNBP1": 0.001944902286307127, "CLCN3": 0.008339001459020681, "SRPK2": 0.00935843100374124, "NAB2": 0.004977839843963495, "HCN1": 0.003656454986584086, "IMMP2L": 0.0003944825349408708, "OTUD7B": 0.0005792035679090723, "TAAR6": 0.0, "CHI3L1": 0.0005872722857979948, "CENPM": 0.0003131620706065805, "CSMD1": 0.0009569907530927412, "DISC1": 0.0004910940492719177, "ATP2A2": 0.01969662815386786, "KDM3B": 0.003412205829492778, "CYP26B1": 0.0029118332657748673, "CUL3": 0.003007359226549179, "ADAMTSL3": 0.0002469753080135579, "DPYD": 0.00013566352701583392, "CACNB2": 0.002039103643701273, "MPHOSPH9": 0.0005376669704393978, "PLCH2": 0.0012038148070486114, "STAG1": 0.0013540462190279154, "CACNA1I": 0.003159153112209927, "TYW5": 0.0003168491389111778, "VIPR2": 0.0013542880210697093, "NFATC3": 0.0007098100902719818, "ZNF804A": 0.0013493029672682452, "PPP3CC": 0.002667295518929614, "KCNN3": 0.0003762668990779724, "RGS4": 0.029787251073947973, "PRKD1": 0.0011300887747446812, "APOE": 0.17488079075454913, "SLC6A3": 0.0, "AKT1": 0.003893104875604197, "TCF20": 0.0024468876499850983, "GRM3": 0.025584596335702352, "TSNARE1": 0.0009943757077983334, "MPP6": 0.0015033088501438393, "HTR2A": 0.002256342529789112, "AMBRA1": 0.002395917745445277, "BCL11B": 0.0008911306788192732, "DAO": 1.161239561686569e-05, "SLC1A1": 0.005847874257912707, "VRK2": 0.0007349775544951472, "ZDHHC8": 0.003921260855794311, "SDCCAG8": 0.003485147479563573, "TMTC1": 0.0009504876542776754, "NLGN4X": 0.0041525454917049655}