{"GRAMD1B": 0.01982263825523029, "GRIN2A": 0.0046041195463841075, "PAK6": 0.0014615763325620905, "NOTCH4": 0.0013101100255495876, "RERE": 0.00848585115186334, "DGKI": 0.0013258629044928642, "CHRNA3": 0.0026841813843679232, "GIGYF2": 0.0035973873171494634, "MAN2A1": 0.00048391929453504005, "DRD4": 0.0016010555883487607, "PTGIS": 0.000457585654488878, "COMT": 0.012243570549173377, "C3orf49": 0.00019983025357921084, "DRD3": 3.6336021461286076e-05, "NRGN": 0.003487086437679001, "TMX2-CTNND1": 0.012144722930927814, "TNF": 2.8458653037838795e-05, "CHRNA7": 4.754403940864418e-05, "APOPT1": 0.004372441108990032, "BDNF": 0.001493638604039981, "SMG6": 0.0065184491261254, "GALNT10": 0.0012588426043753805, "SATB2": 0.00022972120739064484, "NRXN1": 0.012306446295066732, "CACNA1C": 0.0020226346419793396, "AKT3": 0.008289358550675523, "APOL2": 0.005703000936744142, "EPC2": 0.0064966151857256795, "MTHFR": 0.001780409028663161, "CNTN4": 0.0035634948676924604, "RTN4R": 0.020645918937516848, "DAOA": 0.0, "CHRNA5": 0.00030785634444327546, "DRD2": 0.0005931261546059937, "SLC6A4": 0.00017076635270898578, "RGS6": 0.0018859405266312863, "SHMT2": 0.011102199617654523, "IGSF9B": 0.0014119051364268258, "TCF4": 0.017015637436815747, "NRG1": 0.001250711703565946, "C10orf32": 0.006933414757455229, "C11orf31": 0.01663038111348981, "MAD1L1": 0.0018229328695810773, "SNAP91": 0.035576832022605864, "GPM6A": 0.22372560950061665, "ETF1": 0.008084388906942725, "ZNF536": 0.005212522242028928, "CNNM2": 0.0026607102021340076, "DTNBP1": 0.002384431359240063, "CLCN3": 0.012001571457182898, "SRPK2": 0.01346094045733148, "NAB2": 0.029063036230464526, "HCN1": 0.005645118664112556, "IMMP2L": 0.0008715903209013603, "OTUD7B": 0.0014961147608154061, "TAAR6": 0.0, "CHI3L1": 0.0001962895180308354, "CENPM": 0.0010626172554771872, "CSMD1": 0.0012067641368142088, "DISC1": 0.00033709846114513817, "ATP2A2": 0.02590450003938555, "KDM3B": 0.008356178054286631, "CYP26B1": 0.04805089266543629, "CUL3": 0.006163925386949715, "ADAMTSL3": 0.0004259093982164833, "DPYD": 0.0001859752946392609, "CACNB2": 0.0032941031305937203, "MPHOSPH9": 0.0015363613835606554, "PLCH2": 0.013829943696893993, "STAG1": 0.005981201280725793, "CACNA1I": 0.0003659609938463357, "TYW5": 0.0005524316341732119, "VIPR2": 0.0010323848761470825, "NFATC3": 0.002770863878471682, "ZNF804A": 0.0012159950594809927, "PPP3CC": 0.004585634119966161, "KCNN3": 0.0004367135365004827, "RGS4": 0.0008037090968305596, "PRKD1": 0.001759056714047418, "APOE": 0.2563525407626297, "SLC6A3": 1.6845612101818906e-05, "AKT1": 0.007414807588901505, "TCF20": 0.0041349617248388, "GRM3": 0.010629762596223948, "TSNARE1": 0.0018519747614392157, "MPP6": 0.0011330503816247505, "HTR2A": 0.0002868077256111973, "AMBRA1": 0.004694444389072564, "BCL11B": 4.29234331113878e-05, "DAO": 0.006152332068375176, "SLC1A1": 0.0026156696163924026, "VRK2": 0.0014696346322147704, "ZDHHC8": 0.005003856084675192, "SDCCAG8": 0.003631429828052512, "TMTC1": 0.0010064471124871571, "NLGN4X": 0.004867693901424457}