{"GRAMD1B": 0.005673285991110557, "GRIN2A": 0.005967105359626546, "PAK6": 0.010116547386337238, "NOTCH4": 0.0012457033755631005, "RERE": 0.0038693764684975688, "DGKI": 0.0007306979184712134, "CHRNA3": 0.0001325566477974359, "GIGYF2": 0.0014156771561768258, "MAN2A1": 0.0005699939991774046, "DRD4": 0.0003315073282408268, "PTGIS": 0.0008196103699847102, "COMT": 0.007628301285261498, "C3orf49": 0.00018492025215395493, "DRD3": 2.2238942946363925e-05, "NRGN": 0.3139741637773191, "TMX2-CTNND1": 0.007245947239061956, "TNF": 1.8313344135326873e-06, "CHRNA7": 8.151935072562525e-05, "APOPT1": 0.002955216070149095, "BDNF": 0.0008115504679274187, "SMG6": 0.0020342045256650657, "GALNT10": 0.0009310695940854168, "SATB2": 0.003355057818217361, "NRXN1": 0.009105090108422313, "CACNA1C": 0.0008107178312419062, "AKT3": 0.0065228408974162865, "APOL2": 0.0016604930993477053, "EPC2": 0.0018632173063974449, "MTHFR": 0.0009173349620279492, "CNTN4": 0.001309034078352891, "RTN4R": 0.005421794890408954, "DAOA": 0.0, "CHRNA5": 0.000111666800403842, "DRD2": 0.00022216718744343442, "SLC6A4": 1.956647325229943e-05, "RGS6": 0.000999186886091424, "SHMT2": 0.002452065401021606, "IGSF9B": 0.0001924867092384671, "TCF4": 0.006198931613958277, "NRG1": 0.0007555275791400808, "C10orf32": 0.004520710294981909, "C11orf31": 0.012295571731577914, "MAD1L1": 0.0010879089089094358, "SNAP91": 0.015358822618496425, "GPM6A": 0.1253353239212894, "ETF1": 0.00536774269795171, "ZNF536": 0.0006350165240465554, "CNNM2": 0.0008908088163337816, "DTNBP1": 0.0027897833972104864, "CLCN3": 0.006529297573367079, "SRPK2": 0.008119542640040613, "NAB2": 0.004727790972089302, "HCN1": 0.002290783126013625, "IMMP2L": 0.0004704078387808287, "OTUD7B": 0.0005725007086641828, "TAAR6": 0.0, "CHI3L1": 0.0005921256191583432, "CENPM": 0.0003059015879081711, "CSMD1": 0.0007495922506289033, "DISC1": 0.00030845274579899013, "ATP2A2": 0.016329166626849554, "KDM3B": 0.002564504069396129, "CYP26B1": 0.0024076884453458373, "CUL3": 0.0026529349589281127, "ADAMTSL3": 0.0001944647008226933, "DPYD": 0.00020437797347352474, "CACNB2": 0.0025407651620331945, "MPHOSPH9": 0.000362633094060778, "PLCH2": 0.0011388907018827993, "STAG1": 0.0010945464620374162, "CACNA1I": 0.002329312070601384, "TYW5": 0.00026663514577383835, "VIPR2": 0.0009845246286271179, "NFATC3": 0.0008652720424757545, "ZNF804A": 0.0007967406507867528, "PPP3CC": 0.002466242260855319, "KCNN3": 0.000360074791333438, "RGS4": 0.03428249072285339, "PRKD1": 0.0008569310099035638, "APOE": 0.2597263520888801, "SLC6A3": 0.0, "AKT1": 0.0039478027066800585, "TCF20": 0.001979184395881245, "GRM3": 0.018241214754383527, "TSNARE1": 0.001042021008331496, "MPP6": 0.0011321245416974412, "HTR2A": 0.002048811429448535, "AMBRA1": 0.0025757233429541874, "BCL11B": 0.0005315124361371016, "DAO": 2.2411772781365906e-05, "SLC1A1": 0.004965203736492375, "VRK2": 0.000560053651356599, "ZDHHC8": 0.00408202410138688, "SDCCAG8": 0.002519469412716404, "TMTC1": 0.0010191767097097923, "NLGN4X": 0.003059215182416243}