{"GRAMD1B": 0.00737270462683001, "GRIN2A": 0.004991481219905099, "PAK6": 0.007275516195863919, "NOTCH4": 0.0012637889717086494, "RERE": 0.00585182390463546, "DGKI": 0.0011167737259034293, "CHRNA3": 0.0005702150974178624, "GIGYF2": 0.002710477764926585, "MAN2A1": 0.0011195723548049251, "DRD4": 0.0010710100612324992, "PTGIS": 0.00047370922265359755, "COMT": 0.010708592010402834, "C3orf49": 0.00020519292791010355, "DRD3": 5.242723094677388e-06, "NRGN": 0.19747081517017329, "TMX2-CTNND1": 0.0074241455661862, "TNF": 8.271857885649835e-06, "CHRNA7": 7.017846457295365e-05, "APOPT1": 0.0035423426056395845, "BDNF": 0.00123255942717999, "SMG6": 0.003763297374616517, "GALNT10": 0.002074202500590752, "SATB2": 0.0009960244326576127, "NRXN1": 0.009585057414725243, "CACNA1C": 0.0008969356935338998, "AKT3": 0.008112195306120416, "APOL2": 0.002969706480525417, "EPC2": 0.0025800613823794504, "MTHFR": 0.0014216311539098569, "CNTN4": 0.0009754110974937047, "RTN4R": 0.0037219166094842795, "DAOA": 0.0, "CHRNA5": 0.0002337337673258309, "DRD2": 0.0005872398689585049, "SLC6A4": 5.9767812162551443e-05, "RGS6": 0.00043185880243438144, "SHMT2": 0.003033048671741316, "IGSF9B": 0.00038475515988742684, "TCF4": 0.01046494033876367, "NRG1": 0.0004645361805968742, "C10orf32": 0.006782649319591826, "C11orf31": 0.012646517117182622, "MAD1L1": 0.0014266416212428805, "SNAP91": 0.02084751578495628, "GPM6A": 0.12382530340055667, "ETF1": 0.007084903680169127, "ZNF536": 0.0020835224258574712, "CNNM2": 0.0015954602743715502, "DTNBP1": 0.0025824099229464904, "CLCN3": 0.01058690165711088, "SRPK2": 0.009629350391371182, "NAB2": 0.004671960393321033, "HCN1": 0.003124903704418113, "IMMP2L": 0.0005837669029517698, "OTUD7B": 0.0016311916036940686, "TAAR6": 5.396499740521066e-06, "CHI3L1": 0.0013385041654925694, "CENPM": 0.00037429537848999913, "CSMD1": 0.0008247375583102929, "DISC1": 0.0006181178482589082, "ATP2A2": 0.02155934257592371, "KDM3B": 0.004220263236991367, "CYP26B1": 0.002853301801736121, "CUL3": 0.0035914445491860634, "ADAMTSL3": 0.00048724835487083017, "DPYD": 0.00024065382244165567, "CACNB2": 0.0017652763546410195, "MPHOSPH9": 0.00046406424537342284, "PLCH2": 0.002047539220994346, "STAG1": 0.0018238573027430207, "CACNA1I": 0.002137597187971956, "TYW5": 0.00032000310196128937, "VIPR2": 0.0007959511004726524, "NFATC3": 0.001380298642828556, "ZNF804A": 0.0017266025887399266, "PPP3CC": 0.002248459014075032, "KCNN3": 0.0007683767207628378, "RGS4": 0.011054744300725543, "PRKD1": 0.0013880580002721098, "APOE": 0.3505510447638544, "SLC6A3": 5.508252940905738e-06, "AKT1": 0.004965309495311098, "TCF20": 0.003094999449444478, "GRM3": 0.014197675930679497, "TSNARE1": 0.0009912914526306923, "MPP6": 0.00234314512782824, "HTR2A": 0.0011018365518697594, "AMBRA1": 0.0023955914482896704, "BCL11B": 0.0031329824400471553, "DAO": 2.6693372095204417e-05, "SLC1A1": 0.007207378294354879, "VRK2": 0.001249631445269407, "ZDHHC8": 0.0034409030458123586, "SDCCAG8": 0.003603806070454711, "TMTC1": 0.002440748755738111, "NLGN4X": 0.004675912453119216}