{"GRAMD1B": 0.00649959142149481, "GRIN2A": 0.007690341044428158, "PAK6": 0.0092771369403949, "NOTCH4": 0.0010339558237123696, "RERE": 0.004050357632057791, "DGKI": 0.0010283293762111546, "CHRNA3": 0.0001847508815331833, "GIGYF2": 0.0015967296189901806, "MAN2A1": 0.0006647637296781133, "DRD4": 0.0003964153107060152, "PTGIS": 0.000736119681633474, "COMT": 0.0055504013479732855, "C3orf49": 0.00017670609632827844, "DRD3": 1.4883765387496649e-05, "NRGN": 0.3266775078984405, "TMX2-CTNND1": 0.006729417697441231, "TNF": 6.242756151704712e-06, "CHRNA7": 0.000139203331351384, "APOPT1": 0.002712986351721792, "BDNF": 0.0011115669248756054, "SMG6": 0.0022443431293655033, "GALNT10": 0.0006163200599699912, "SATB2": 0.003669030847567326, "NRXN1": 0.009980950403204215, "CACNA1C": 0.000944498809973207, "AKT3": 0.008233442928545333, "APOL2": 0.0016609118798887694, "EPC2": 0.002271946989905343, "MTHFR": 0.0008476236668979554, "CNTN4": 0.0015210513231300165, "RTN4R": 0.0059229972047204135, "DAOA": 0.0, "CHRNA5": 0.00011514282261422894, "DRD2": 0.0002603103220832214, "SLC6A4": 2.6913488625095458e-05, "RGS6": 0.0012742287771785625, "SHMT2": 0.0021857503335147967, "IGSF9B": 0.0003010203313108609, "TCF4": 0.006536046284722211, "NRG1": 0.0008519626135637235, "C10orf32": 0.0039337287443081456, "C11orf31": 0.011131915168388785, "MAD1L1": 0.001141788002163388, "SNAP91": 0.018694854415097484, "GPM6A": 0.12895812951620536, "ETF1": 0.0059881988436677825, "ZNF536": 0.0009519114312843317, "CNNM2": 0.0010202498904489737, "DTNBP1": 0.002444490593081894, "CLCN3": 0.007271824390121816, "SRPK2": 0.009689182452228691, "NAB2": 0.005593988316668978, "HCN1": 0.003073555042528625, "IMMP2L": 0.0004253940136200242, "OTUD7B": 0.0008054908167928848, "TAAR6": 8.199678735513078e-06, "CHI3L1": 0.000527437061118198, "CENPM": 0.00019581461522111886, "CSMD1": 0.0007826643810490213, "DISC1": 0.00021603292245823096, "ATP2A2": 0.018424854965642282, "KDM3B": 0.002565067554440007, "CYP26B1": 0.003745834668985947, "CUL3": 0.0031773848539822396, "ADAMTSL3": 0.00022440362536889106, "DPYD": 0.000235182240078844, "CACNB2": 0.0024858267467188877, "MPHOSPH9": 0.00030716378564106316, "PLCH2": 0.0015944941477153115, "STAG1": 0.001185607488198653, "CACNA1I": 0.002199127280315672, "TYW5": 0.0002702979450652397, "VIPR2": 0.000742861425503925, "NFATC3": 0.0007415147134001099, "ZNF804A": 0.0010989812058608778, "PPP3CC": 0.002692963500684848, "KCNN3": 0.0003663937419510531, "RGS4": 0.04121492200752614, "PRKD1": 0.0005708222000419784, "APOE": 0.2298098699006333, "SLC6A3": 8.263021022604584e-07, "AKT1": 0.0038240320994066494, "TCF20": 0.002250002625016505, "GRM3": 0.012951035229623336, "TSNARE1": 0.0010013609056940028, "MPP6": 0.0014304356569965404, "HTR2A": 0.003090543168525318, "AMBRA1": 0.0027443978312335048, "BCL11B": 0.0005486532651067319, "DAO": 9.998255437351548e-05, "SLC1A1": 0.005321821459390255, "VRK2": 0.0006115005381260723, "ZDHHC8": 0.0039372471919693845, "SDCCAG8": 0.002269168978171473, "TMTC1": 0.0011982366025814933, "NLGN4X": 0.0035193962218230354}