{"GRAMD1B": 0.007066056976001616, "GRIN2A": 0.008036027884721473, "PAK6": 0.00910304029303767, "NOTCH4": 0.001110195482554161, "RERE": 0.004902626144045674, "DGKI": 0.0009363755937002471, "CHRNA3": 9.78295818807936e-05, "GIGYF2": 0.0016754970678135753, "MAN2A1": 0.0007155586574971212, "DRD4": 0.0002279416602486536, "PTGIS": 0.0007774745435103911, "COMT": 0.0078574143080059, "C3orf49": 0.00014064783729773474, "DRD3": 1.3340897362674564e-05, "NRGN": 0.3994599883466254, "TMX2-CTNND1": 0.007797439520431075, "TNF": 6.249308438131681e-06, "CHRNA7": 8.799408487375043e-05, "APOPT1": 0.002394475082037171, "BDNF": 0.001017250975400424, "SMG6": 0.002650142013946069, "GALNT10": 0.0013632362405049266, "SATB2": 0.0033405137150299504, "NRXN1": 0.01016727006142393, "CACNA1C": 0.0009798616290110694, "AKT3": 0.0066731356392575, "APOL2": 0.0019491200039671718, "EPC2": 0.0020025412449925593, "MTHFR": 0.0010960583218075773, "CNTN4": 0.0018964561656239266, "RTN4R": 0.006196003779595089, "DAOA": 9.782574693050427e-06, "CHRNA5": 9.969298422637876e-05, "DRD2": 0.00015588908023261668, "SLC6A4": 2.1385726841805082e-05, "RGS6": 0.000974138349199274, "SHMT2": 0.002433008279049324, "IGSF9B": 0.00032272805567685277, "TCF4": 0.007097197155845999, "NRG1": 0.0007924326520654117, "C10orf32": 0.0032252411302046624, "C11orf31": 0.009052231420149373, "MAD1L1": 0.0011645516844600873, "SNAP91": 0.016648865273530582, "GPM6A": 0.09407240438333177, "ETF1": 0.005216050111777075, "ZNF536": 0.0011433121957776654, "CNNM2": 0.0012489044840341195, "DTNBP1": 0.0018946518215127968, "CLCN3": 0.008343893092008494, "SRPK2": 0.007760355551133261, "NAB2": 0.004455225503491346, "HCN1": 0.003469154322971795, "IMMP2L": 0.0002890261290391968, "OTUD7B": 0.0007218737851870687, "TAAR6": 3.3826179027030184e-05, "CHI3L1": 0.0005283799494073456, "CENPM": 0.000177586692076602, "CSMD1": 0.000898110843208347, "DISC1": 0.0004467773460838032, "ATP2A2": 0.020013205803154657, "KDM3B": 0.0034573208168640107, "CYP26B1": 0.0017043757774723414, "CUL3": 0.002527509891069038, "ADAMTSL3": 0.00029635613797371243, "DPYD": 0.00012884332341413826, "CACNB2": 0.0029140774821737906, "MPHOSPH9": 0.0004114690738184559, "PLCH2": 0.0014907000172514845, "STAG1": 0.0012142035528460932, "CACNA1I": 0.003256495208072639, "TYW5": 0.0002690516754087158, "VIPR2": 0.0009733494999247588, "NFATC3": 0.000812430767339178, "ZNF804A": 0.001179617286671718, "PPP3CC": 0.0022275439143879788, "KCNN3": 0.00048474550152032654, "RGS4": 0.029698154166689625, "PRKD1": 0.0010340088261262274, "APOE": 0.1790366100819917, "SLC6A3": 8.017986361085324e-06, "AKT1": 0.0040271265512382415, "TCF20": 0.0025385564653774505, "GRM3": 0.024647732873443483, "TSNARE1": 0.001161020845728702, "MPP6": 0.0013574631063393704, "HTR2A": 0.0022628976691637577, "AMBRA1": 0.002509178061695985, "BCL11B": 0.0007167678173233469, "DAO": 2.1474444581798426e-05, "SLC1A1": 0.005501415282221571, "VRK2": 0.00046948957072583635, "ZDHHC8": 0.004872104158187929, "SDCCAG8": 0.002528349361687372, "TMTC1": 0.001242594456828057, "NLGN4X": 0.003923569854595363}