{"GRAMD1B": 0.006925850987469886, "GRIN2A": 0.0005578195910483716, "PAK6": 0.005119605703201822, "NOTCH4": 0.0013505501294388427, "RERE": 0.004209442592537225, "DGKI": 0.0020465019967682704, "CHRNA3": 0.0044122804230436, "GIGYF2": 0.002144026674253289, "MAN2A1": 0.0005634265900720912, "DRD4": 0.00040074991273893884, "PTGIS": 0.0004492571773019028, "COMT": 0.007957693168514307, "C3orf49": 0.00013837992724918398, "DRD3": 2.650718238580231e-05, "NRGN": 0.033590494955026945, "TMX2-CTNND1": 0.011560993696022282, "TNF": 5.948045573790831e-06, "CHRNA7": 0.0002140150810249549, "APOPT1": 0.0035502287776268343, "BDNF": 0.003449961828962425, "SMG6": 0.002961900840591952, "GALNT10": 0.0012594536371597007, "SATB2": 9.435301827500351e-05, "NRXN1": 0.012860445280997808, "CACNA1C": 0.0019071725302203704, "AKT3": 0.008906795498047224, "APOL2": 0.002072189993553717, "EPC2": 0.001746332597567501, "MTHFR": 0.0014014470363154403, "CNTN4": 0.0054119228188362, "RTN4R": 0.004801872775200625, "DAOA": 0.0, "CHRNA5": 0.0005536242657192492, "DRD2": 0.002992072246485772, "SLC6A4": 5.7550420769461045e-05, "RGS6": 0.0010575121725936636, "SHMT2": 0.0031119149933604285, "IGSF9B": 0.0005342785344160421, "TCF4": 0.001885448844212995, "NRG1": 0.0007083173581436397, "C10orf32": 0.004350214583856959, "C11orf31": 0.012465819991499986, "MAD1L1": 0.0009535704710433402, "SNAP91": 0.034982241801955145, "GPM6A": 0.061779440107852523, "ETF1": 0.008325737043512155, "ZNF536": 0.0006064279376391427, "CNNM2": 0.002064139757682869, "DTNBP1": 0.009773380145942256, "CLCN3": 0.0095775589875724, "SRPK2": 0.01591167999600901, "NAB2": 0.004292008182844541, "HCN1": 0.0008015204630585549, "IMMP2L": 0.0004347161064266945, "OTUD7B": 0.0013564307869940954, "TAAR6": 0.0, "CHI3L1": 0.0018516917639702657, "CENPM": 0.0002702150037853977, "CSMD1": 0.00032915993536348484, "DISC1": 0.0002823371606764194, "ATP2A2": 0.044680198961086236, "KDM3B": 0.002866366215529392, "CYP26B1": 0.0012030972478437145, "CUL3": 0.004212778299454868, "ADAMTSL3": 8.463871952137686e-05, "DPYD": 0.00015569822683840013, "CACNB2": 0.002888364191830974, "MPHOSPH9": 0.0003362649489805543, "PLCH2": 0.0028418938354221076, "STAG1": 0.0011817799958231472, "CACNA1I": 0.0010913007356763039, "TYW5": 0.00029726107973194815, "VIPR2": 0.0005381107015015107, "NFATC3": 0.0009188472150848193, "ZNF804A": 0.0011910211043341006, "PPP3CC": 0.003899094443723811, "KCNN3": 0.0014245090062534743, "RGS4": 0.003291096575840285, "PRKD1": 0.0008789966785595469, "APOE": 0.5637813248134279, "SLC6A3": 1.137225459722568e-05, "AKT1": 0.0036753493751721634, "TCF20": 0.002184470541223034, "GRM3": 0.003809059312736647, "TSNARE1": 0.0006781503745885363, "MPP6": 0.000774306232946996, "HTR2A": 0.00030551053143259936, "AMBRA1": 0.0025957922652514983, "BCL11B": 5.287664050871706e-05, "DAO": 6.895015704299686e-05, "SLC1A1": 0.012878347855766506, "VRK2": 0.0005727086578630624, "ZDHHC8": 0.0024800575551632014, "SDCCAG8": 0.002549641475461794, "TMTC1": 0.004624528042694831, "NLGN4X": 0.007760546887936162}