{"GRAMD1B": 0.007093833034535994, "GRIN2A": 0.007167145463293717, "PAK6": 0.012925431234513498, "NOTCH4": 0.0009160476709702221, "RERE": 0.005095962673833395, "DGKI": 0.0009100728566324383, "CHRNA3": 0.00023472108485647104, "GIGYF2": 0.00203188021973942, "MAN2A1": 0.0007074562369809266, "DRD4": 0.0004195342146145034, "PTGIS": 0.0010319661734328716, "COMT": 0.006141774607192771, "C3orf49": 0.00028972867528704455, "DRD3": 2.913414435039894e-05, "NRGN": 0.3394268666504748, "TMX2-CTNND1": 0.006760667890667516, "TNF": 8.634164271512672e-06, "CHRNA7": 0.00013138080758084476, "APOPT1": 0.0030695145531318122, "BDNF": 0.0009880781765132397, "SMG6": 0.0026284974457245146, "GALNT10": 0.0008277136740760826, "SATB2": 0.00444523668747953, "NRXN1": 0.010520569812475056, "CACNA1C": 0.0011856081104603202, "AKT3": 0.008799577779834759, "APOL2": 0.0016540622415650555, "EPC2": 0.002493017361551655, "MTHFR": 0.0011940339116249595, "CNTN4": 0.0016664178950259198, "RTN4R": 0.005559786413754319, "DAOA": 1.6209516622298869e-06, "CHRNA5": 0.0001772146659189137, "DRD2": 0.0002813462194040246, "SLC6A4": 1.4045849660121274e-05, "RGS6": 0.0011179244532111834, "SHMT2": 0.0020773527474933647, "IGSF9B": 0.0002255571549127144, "TCF4": 0.007303375546737757, "NRG1": 0.0009440480934007467, "C10orf32": 0.004605307575094097, "C11orf31": 0.011710163980212952, "MAD1L1": 0.0012469407846724715, "SNAP91": 0.0219584184098319, "GPM6A": 0.12947177166619026, "ETF1": 0.0066002229026970605, "ZNF536": 0.001328674967836178, "CNNM2": 0.0011908715945540965, "DTNBP1": 0.0027484083004226537, "CLCN3": 0.007811606617606017, "SRPK2": 0.011471994247628613, "NAB2": 0.005280632908046835, "HCN1": 0.0029744908145370747, "IMMP2L": 0.00039199089605632896, "OTUD7B": 0.0007975576782006952, "TAAR6": 8.411952257234166e-06, "CHI3L1": 0.0007505318246180849, "CENPM": 0.0001660497487110086, "CSMD1": 0.0011656081298955533, "DISC1": 0.00028792247200627404, "ATP2A2": 0.019899486058107343, "KDM3B": 0.002941211620257845, "CYP26B1": 0.001978682429708423, "CUL3": 0.003416564125953963, "ADAMTSL3": 0.00033296127716011154, "DPYD": 0.00029204872698933965, "CACNB2": 0.003019628810242004, "MPHOSPH9": 0.0003894106827363456, "PLCH2": 0.0013611097384755551, "STAG1": 0.0011717992210015845, "CACNA1I": 0.002866956566516848, "TYW5": 0.00034971099109919337, "VIPR2": 0.00078093134543668, "NFATC3": 0.0009280948714934194, "ZNF804A": 0.0012762932741344321, "PPP3CC": 0.002979098723728345, "KCNN3": 0.0005254268275393619, "RGS4": 0.03922913633902453, "PRKD1": 0.0008022914865501977, "APOE": 0.1914562887700849, "SLC6A3": 3.2732881860474705e-06, "AKT1": 0.003945973683436005, "TCF20": 0.0032550912612845178, "GRM3": 0.0135973352578413, "TSNARE1": 0.0010037278915212594, "MPP6": 0.0017847608555642265, "HTR2A": 0.002497393526363809, "AMBRA1": 0.003025403534846169, "BCL11B": 0.0010469638207292226, "DAO": 2.8513371572347743e-05, "SLC1A1": 0.006574386147228714, "VRK2": 0.0006561481933149843, "ZDHHC8": 0.004308972431406827, "SDCCAG8": 0.0029464431799222125, "TMTC1": 0.0012705612653160945, "NLGN4X": 0.003996170127462735}