{"GRAMD1B": 0.003827239489896985, "GRIN2A": 0.0022386259639903747, "PAK6": 0.009119239995716727, "NOTCH4": 0.0005514256588316798, "RERE": 0.003242452771421727, "DGKI": 0.0016340174174482036, "CHRNA3": 0.0004116917554102388, "GIGYF2": 0.0015756955490154258, "MAN2A1": 0.0005997503032050532, "DRD4": 0.00018324604274908146, "PTGIS": 0.0006470160570030278, "COMT": 0.005877091512304214, "C3orf49": 0.00014759911452628304, "DRD3": 0.0008305720827015962, "NRGN": 0.47163687263460496, "TMX2-CTNND1": 0.0067670325099201956, "TNF": 8.541830359664864e-06, "CHRNA7": 5.4678875332459775e-05, "APOPT1": 0.0021903116844273146, "BDNF": 0.000148785203828867, "SMG6": 0.002148744040568558, "GALNT10": 0.0015277990315316838, "SATB2": 0.00015544036295039946, "NRXN1": 0.003883421833264972, "CACNA1C": 0.0011930115378269367, "AKT3": 0.004163826403422889, "APOL2": 0.0010126996556000414, "EPC2": 0.0015800005904124585, "MTHFR": 0.0008333665664694525, "CNTN4": 0.001335894727053745, "RTN4R": 0.0009327866511134382, "DAOA": 0.0, "CHRNA5": 0.000102456403525932, "DRD2": 0.017139299876904594, "SLC6A4": 2.5574560873452316e-05, "RGS6": 0.0002635339237237032, "SHMT2": 0.0014992774191013214, "IGSF9B": 0.00033591167941545623, "TCF4": 0.003025248820777661, "NRG1": 0.00022299356886272133, "C10orf32": 0.0032101250231427736, "C11orf31": 0.009917025150975364, "MAD1L1": 0.0018257832074886145, "SNAP91": 0.007940747433462791, "GPM6A": 0.07051253358860342, "ETF1": 0.005083689055278294, "ZNF536": 0.0008369444863111329, "CNNM2": 0.0012050794100923778, "DTNBP1": 0.004326595447985216, "CLCN3": 0.006652011642437118, "SRPK2": 0.006073737638259079, "NAB2": 0.004146256940557514, "HCN1": 0.0009973996741367251, "IMMP2L": 0.0004397876815943767, "OTUD7B": 0.0006823084896950914, "TAAR6": 0.0, "CHI3L1": 0.0005047555805084102, "CENPM": 0.00012254629031096333, "CSMD1": 0.0005376132019800757, "DISC1": 0.0002863061727032956, "ATP2A2": 0.02162660145523301, "KDM3B": 0.0030488105386578266, "CYP26B1": 0.0011234249906863741, "CUL3": 0.0022182814578742987, "ADAMTSL3": 9.372134077141566e-05, "DPYD": 0.00011228756874364067, "CACNB2": 0.0020749969888353395, "MPHOSPH9": 0.000314164785936914, "PLCH2": 0.0011084460964661147, "STAG1": 0.0010617603916857053, "CACNA1I": 0.0018895110376750952, "TYW5": 0.00016373588801493898, "VIPR2": 0.00016345844708320415, "NFATC3": 0.0007236073458123756, "ZNF804A": 0.001038312781808995, "PPP3CC": 0.0015257190962020325, "KCNN3": 0.0006143755577046039, "RGS4": 0.00643403302523626, "PRKD1": 0.0009167158066934454, "APOE": 0.19391726474889556, "SLC6A3": 6.562372515489319e-06, "AKT1": 0.003498857892719555, "TCF20": 0.002842252547769476, "GRM3": 0.023744173724990957, "TSNARE1": 0.0006622257980536113, "MPP6": 0.0020534121921150393, "HTR2A": 0.0005424810811041522, "AMBRA1": 0.0025928720419510355, "BCL11B": 0.0066872355152371036, "DAO": 6.0317712503215796e-06, "SLC1A1": 0.004744243419299155, "VRK2": 0.0006365898502439666, "ZDHHC8": 0.0027472696796265253, "SDCCAG8": 0.0018892247216764253, "TMTC1": 0.002118612871356122, "NLGN4X": 0.0029401312234667845}