{"GRAMD1B": 0.007886096046095125, "GRIN2A": 0.008467964788904147, "PAK6": 0.009009088496152331, "NOTCH4": 0.000783333874193832, "RERE": 0.003883955173300144, "DGKI": 0.0010738341230558412, "CHRNA3": 0.00018180688165474808, "GIGYF2": 0.0016452035890006519, "MAN2A1": 0.0005628377306314725, "DRD4": 0.0003200376788676961, "PTGIS": 0.0009590791760855, "COMT": 0.004496568855649443, "C3orf49": 0.00021161312775436862, "DRD3": 1.9137096689715215e-05, "NRGN": 0.4111612230856167, "TMX2-CTNND1": 0.005161351399262821, "TNF": 7.602174066934088e-06, "CHRNA7": 0.00011389157696647884, "APOPT1": 0.002263361474543991, "BDNF": 0.000795060092254084, "SMG6": 0.002059043047429064, "GALNT10": 0.00043242313041388534, "SATB2": 0.003770710402873858, "NRXN1": 0.00952636859351574, "CACNA1C": 0.0011993987041687027, "AKT3": 0.008531762778584334, "APOL2": 0.0013120371106293373, "EPC2": 0.0022467807056134447, "MTHFR": 0.0009749317726849689, "CNTN4": 0.0014223945284206287, "RTN4R": 0.006301587560622718, "DAOA": 0.0, "CHRNA5": 0.00012412979666871435, "DRD2": 0.00023534358082617231, "SLC6A4": 1.693493327601443e-05, "RGS6": 0.0015787607648064842, "SHMT2": 0.0016533281520439967, "IGSF9B": 0.00024392152641568383, "TCF4": 0.005880658978920186, "NRG1": 0.0008497758057675095, "C10orf32": 0.0035220744670049226, "C11orf31": 0.009838054503093649, "MAD1L1": 0.0012317301049734324, "SNAP91": 0.017079874244771632, "GPM6A": 0.10185877809922453, "ETF1": 0.0050951876219666745, "ZNF536": 0.0008342025993816331, "CNNM2": 0.00106729087154335, "DTNBP1": 0.0017033066599500995, "CLCN3": 0.006639788418561647, "SRPK2": 0.008556608526627726, "NAB2": 0.004629440908741074, "HCN1": 0.0036842972550934533, "IMMP2L": 0.00031065239237589314, "OTUD7B": 0.0004837961861789387, "TAAR6": 0.0, "CHI3L1": 0.0006442147136032818, "CENPM": 0.00014644338636929963, "CSMD1": 0.0008803500488047154, "DISC1": 0.0001690553859662414, "ATP2A2": 0.019351088719740447, "KDM3B": 0.0022301721281214573, "CYP26B1": 0.003013759025892849, "CUL3": 0.0027400630443996372, "ADAMTSL3": 0.00023575583416665186, "DPYD": 0.00017194754501926245, "CACNB2": 0.0018206622223885718, "MPHOSPH9": 0.0003233782767226278, "PLCH2": 0.0012819496204120276, "STAG1": 0.0008891162686546526, "CACNA1I": 0.003500768165196548, "TYW5": 0.0002443722997634933, "VIPR2": 0.0019118928429573496, "NFATC3": 0.0006973007080900111, "ZNF804A": 0.0011567939281470266, "PPP3CC": 0.0025917733755399727, "KCNN3": 0.00026641412085621417, "RGS4": 0.035015082162464635, "PRKD1": 0.0004216354684680594, "APOE": 0.19674821572787232, "SLC6A3": 0.0, "AKT1": 0.0034334588811583576, "TCF20": 0.0023249502285096683, "GRM3": 0.009622438247090895, "TSNARE1": 0.000866456754182359, "MPP6": 0.0013770672599022814, "HTR2A": 0.0029099190422829328, "AMBRA1": 0.0024186853361860385, "BCL11B": 0.0005366630766667557, "DAO": 1.7070130948799937e-05, "SLC1A1": 0.004580333049128989, "VRK2": 0.0006670281707786656, "ZDHHC8": 0.004422158981596983, "SDCCAG8": 0.002278806555557893, "TMTC1": 0.0008780766130779869, "NLGN4X": 0.003693823232307215}