{"GRAMD1B": 0.005925644305373221, "GRIN2A": 0.006755394766519386, "PAK6": 0.009050004754553486, "NOTCH4": 0.0015637250866465115, "RERE": 0.0046060603353605244, "DGKI": 0.0008851181729420981, "CHRNA3": 0.00012120152330439223, "GIGYF2": 0.0015996806085964814, "MAN2A1": 0.0007119955355115611, "DRD4": 0.0003913512384432752, "PTGIS": 0.0010217600192896398, "COMT": 0.008535238599110198, "C3orf49": 0.0001860298115984167, "DRD3": 1.1755923241822404e-05, "NRGN": 0.2824715132548597, "TMX2-CTNND1": 0.007083597383372022, "TNF": 0.0, "CHRNA7": 8.756509824782759e-05, "APOPT1": 0.002901120265951676, "BDNF": 0.0009624814094295461, "SMG6": 0.002773146843430762, "GALNT10": 0.0012742338107987515, "SATB2": 0.0034861235306951517, "NRXN1": 0.009321322455955959, "CACNA1C": 0.0008849594377645355, "AKT3": 0.006643363807336905, "APOL2": 0.002234361570374524, "EPC2": 0.0021410794002327906, "MTHFR": 0.0010875387945862816, "CNTN4": 0.0014807871589092747, "RTN4R": 0.004956775689024898, "DAOA": 0.0, "CHRNA5": 0.00014067504265077833, "DRD2": 0.00030859341099714665, "SLC6A4": 1.6563875482414978e-05, "RGS6": 0.0009300840006200672, "SHMT2": 0.002534644433218093, "IGSF9B": 0.0003092958943271428, "TCF4": 0.006907459058160282, "NRG1": 0.0007731645771163594, "C10orf32": 0.004316935833976071, "C11orf31": 0.010583555726992416, "MAD1L1": 0.0011771103295292848, "SNAP91": 0.01642944763103267, "GPM6A": 0.10529874376034877, "ETF1": 0.005461039267732534, "ZNF536": 0.0011536992959172484, "CNNM2": 0.0009777922590829158, "DTNBP1": 0.0022136622627125157, "CLCN3": 0.007354665758308726, "SRPK2": 0.0081045171083366, "NAB2": 0.004069082478757896, "HCN1": 0.002682325469387657, "IMMP2L": 0.000349258156717422, "OTUD7B": 0.0009437551880415688, "TAAR6": 7.064717517555864e-06, "CHI3L1": 0.0008462835716667661, "CENPM": 0.0003378600089370479, "CSMD1": 0.0008258810907698715, "DISC1": 0.0004443756021381208, "ATP2A2": 0.017369572754003516, "KDM3B": 0.0031303186301885736, "CYP26B1": 0.001818916336209285, "CUL3": 0.0026548053592473533, "ADAMTSL3": 0.00024435997877257404, "DPYD": 0.0001883835817061127, "CACNB2": 0.002397518083817218, "MPHOSPH9": 0.0004357897125868976, "PLCH2": 0.0012646247207065019, "STAG1": 0.0012619029735962744, "CACNA1I": 0.002491976217066061, "TYW5": 0.00027197516968085296, "VIPR2": 0.0010396091887369427, "NFATC3": 0.0009385574126692096, "ZNF804A": 0.0011185246227700364, "PPP3CC": 0.002325653938947013, "KCNN3": 0.0004903722464388678, "RGS4": 0.026663248031507842, "PRKD1": 0.0010484658901214017, "APOE": 0.2999613840243641, "SLC6A3": 1.615010177777104e-06, "AKT1": 0.004022411931476042, "TCF20": 0.002308908179406974, "GRM3": 0.021860866754293457, "TSNARE1": 0.0011967489975957613, "MPP6": 0.001406934014162641, "HTR2A": 0.0023750702039542913, "AMBRA1": 0.002440031453001845, "BCL11B": 0.0007799179171441914, "DAO": 1.425289572877153e-05, "SLC1A1": 0.005474147746966505, "VRK2": 0.0006212999069866415, "ZDHHC8": 0.004242383212247501, "SDCCAG8": 0.002876533549825016, "TMTC1": 0.0011244286895132677, "NLGN4X": 0.0036251575081516344}