{"GRAMD1B": 0.010079737651701705, "GRIN2A": 0.0094327980210129, "PAK6": 0.005476328137828331, "NOTCH4": 0.0007094383508448537, "RERE": 0.006161278317601855, "DGKI": 0.0012839352496331567, "CHRNA3": 3.738083904602669e-05, "GIGYF2": 0.002107562517734989, "MAN2A1": 0.0013737874392522414, "DRD4": 0.0003077958700033017, "PTGIS": 0.0008721313265312101, "COMT": 0.005080374378263411, "C3orf49": 0.0004538133462312137, "DRD3": 1.7889936525386475e-05, "NRGN": 0.4606897838328653, "TMX2-CTNND1": 0.009739030191379748, "TNF": 1.0577355099172657e-05, "CHRNA7": 0.0001334023045413203, "APOPT1": 0.0028186252024342503, "BDNF": 0.0008580567034296114, "SMG6": 0.0033702833703615023, "GALNT10": 0.0007009746666871701, "SATB2": 0.003757517503050295, "NRXN1": 0.009170884253217295, "CACNA1C": 0.0014561482712431135, "AKT3": 0.010257694344348315, "APOL2": 0.008985166854377407, "EPC2": 0.00310370124148827, "MTHFR": 0.0013798590561411586, "CNTN4": 0.0015114646788005855, "RTN4R": 0.008307298088074145, "DAOA": 0.0, "CHRNA5": 9.45821323243217e-05, "DRD2": 0.00023759494620020078, "SLC6A4": 1.923075804037632e-05, "RGS6": 0.002469359885434852, "SHMT2": 0.0021159859369823124, "IGSF9B": 0.0003836270125368078, "TCF4": 0.0072387265802217465, "NRG1": 0.0005220244729052863, "C10orf32": 0.004647078940830579, "C11orf31": 0.015455974801652181, "MAD1L1": 0.001246885373939145, "SNAP91": 0.027435425135286132, "GPM6A": 0.07931711741283827, "ETF1": 0.0064580984467458346, "ZNF536": 0.002888947631525673, "CNNM2": 0.0022204828534632113, "DTNBP1": 0.004162139255665111, "CLCN3": 0.009406735728798908, "SRPK2": 0.011546266216835641, "NAB2": 0.005616613454046902, "HCN1": 0.007876071793328993, "IMMP2L": 0.00047547349948078455, "OTUD7B": 0.0016586315050521046, "TAAR6": 6.813217429042894e-06, "CHI3L1": 0.001166893208198548, "CENPM": 0.00012125090882930408, "CSMD1": 0.0014197121748944373, "DISC1": 0.00022596302941345678, "ATP2A2": 0.027503913379284442, "KDM3B": 0.003788207559838177, "CYP26B1": 0.004090675671643602, "CUL3": 0.0036319020200494094, "ADAMTSL3": 0.00017647958625267374, "DPYD": 0.0004934139329408108, "CACNB2": 0.003763654964910271, "MPHOSPH9": 0.0006030622473122098, "PLCH2": 0.0021859142436570344, "STAG1": 0.0013556266856768215, "CACNA1I": 0.0026440860532675517, "TYW5": 0.00030853688646537505, "VIPR2": 0.0009667172484941539, "NFATC3": 0.0010235553380698564, "ZNF804A": 0.0012260253081436698, "PPP3CC": 0.00243627056106482, "KCNN3": 0.0004982334058584955, "RGS4": 0.07149279787194265, "PRKD1": 0.0007013205659524044, "APOE": 0.041164475827981765, "SLC6A3": 3.8021918000586393e-06, "AKT1": 0.0038189287390332453, "TCF20": 0.0030155291407818205, "GRM3": 0.013515542452725227, "TSNARE1": 0.0013827192858912056, "MPP6": 0.0016688251592407873, "HTR2A": 0.00561006898499891, "AMBRA1": 0.002465572994300729, "BCL11B": 0.0006964525382898737, "DAO": 3.1508320296219564e-05, "SLC1A1": 0.005837595335084958, "VRK2": 0.001362752627400896, "ZDHHC8": 0.004021271282508388, "SDCCAG8": 0.002391126490978781, "TMTC1": 0.0015697028977357142, "NLGN4X": 0.002959764134752455}