{"GRAMD1B": 0.037069734204584114, "GRIN2A": 0.0064814367609646465, "PAK6": 0.00454015003660993, "NOTCH4": 0.0015333357733367586, "RERE": 0.014721932579074769, "DGKI": 0.0016795265079014938, "CHRNA3": 0.00847783109747018, "GIGYF2": 0.004372202235419231, "MAN2A1": 0.0005011705688785491, "DRD4": 0.000937664146073706, "PTGIS": 0.0001886833658233014, "COMT": 0.01337452515820071, "C3orf49": 0.0005644880855741434, "DRD3": 6.189705138161552e-06, "NRGN": 0.0016432356325948516, "TMX2-CTNND1": 0.02373313732281363, "TNF": 1.1792315121601115e-05, "CHRNA7": 3.273964589079363e-05, "APOPT1": 0.005085186819660518, "BDNF": 0.0020496349763122327, "SMG6": 0.008817466772670032, "GALNT10": 0.0012667488828121884, "SATB2": 0.00016265935707712067, "NRXN1": 0.015235367608614738, "CACNA1C": 0.0013326029163695016, "AKT3": 0.012103692030905791, "APOL2": 0.01051516605233084, "EPC2": 0.00862090368948491, "MTHFR": 0.0031209500272149984, "CNTN4": 0.0038875553099631975, "RTN4R": 0.026756837009628325, "DAOA": 0.0, "CHRNA5": 0.0004723987770836758, "DRD2": 0.00016258696578350402, "SLC6A4": 6.307389045410486e-05, "RGS6": 0.001508148717281211, "SHMT2": 0.010315617379374878, "IGSF9B": 0.0016728474631890991, "TCF4": 0.01992169339011837, "NRG1": 0.001133778332698776, "C10orf32": 0.007991620546524386, "C11orf31": 0.02029418936042589, "MAD1L1": 0.002087219107530539, "SNAP91": 0.05817112175865018, "GPM6A": 0.18608406869233168, "ETF1": 0.008914251551523077, "ZNF536": 0.007685647854498356, "CNNM2": 0.003850975222180231, "DTNBP1": 0.004626099046799693, "CLCN3": 0.014679331934010257, "SRPK2": 0.01619562533313236, "NAB2": 0.03381051945179732, "HCN1": 0.008385900035818511, "IMMP2L": 0.0010032026911431255, "OTUD7B": 0.0023879612861127915, "TAAR6": 1.2162942673502134e-05, "CHI3L1": 0.0005697503418506884, "CENPM": 0.0007646702925674222, "CSMD1": 0.001007283408644441, "DISC1": 0.000281782449093913, "ATP2A2": 0.03790213268046015, "KDM3B": 0.009708546283643316, "CYP26B1": 0.037914151751389374, "CUL3": 0.006914971553447742, "ADAMTSL3": 0.0002506094001747242, "DPYD": 0.0002711642951841592, "CACNB2": 0.005283054885970521, "MPHOSPH9": 0.0017390496098124274, "PLCH2": 0.010792991669145768, "STAG1": 0.005827224913337487, "CACNA1I": 0.0021152004146149693, "TYW5": 0.0006540004932656495, "VIPR2": 0.00012692565666008106, "NFATC3": 0.0027195372180017635, "ZNF804A": 0.0016743744697942805, "PPP3CC": 0.005597100838463716, "KCNN3": 0.0005619013092272098, "RGS4": 0.0014121292933960018, "PRKD1": 0.0008510563839294844, "APOE": 0.15579934294813752, "SLC6A3": 4.429888661756432e-06, "AKT1": 0.008834958837015558, "TCF20": 0.005000158351621008, "GRM3": 0.012454547324974159, "TSNARE1": 0.002027342425732391, "MPP6": 0.0014614338483919086, "HTR2A": 0.0001763640606008233, "AMBRA1": 0.005560545439550679, "BCL11B": 4.768082092532044e-05, "DAO": 0.008985414723757442, "SLC1A1": 0.0052567206792085725, "VRK2": 0.00117689550419204, "ZDHHC8": 0.005713641121987671, "SDCCAG8": 0.003514781589868961, "TMTC1": 0.0010117199103963574, "NLGN4X": 0.005325277262277886}