{"GRAMD1B": 0.010190221994142316, "GRIN2A": 0.010461188765189743, "PAK6": 0.005255668062862362, "NOTCH4": 0.0006680594206742782, "RERE": 0.006143234623905282, "DGKI": 0.0015881925716295662, "CHRNA3": 3.878303204870499e-05, "GIGYF2": 0.0022676067536947448, "MAN2A1": 0.0018962252290508626, "DRD4": 0.00018882013949276583, "PTGIS": 0.0005997229406067287, "COMT": 0.003900477167571062, "C3orf49": 0.0006040721224377227, "DRD3": 2.357549285791076e-05, "NRGN": 0.3940898234292548, "TMX2-CTNND1": 0.00971212563565351, "TNF": 6.00537425901548e-06, "CHRNA7": 0.00011013748687239046, "APOPT1": 0.003102936973996306, "BDNF": 0.0010508237175862383, "SMG6": 0.0032905847004714513, "GALNT10": 0.0008487064004521276, "SATB2": 0.004958194914357746, "NRXN1": 0.010865224463052098, "CACNA1C": 0.0013785908270176085, "AKT3": 0.011467455856613918, "APOL2": 0.008109947844554474, "EPC2": 0.003613579703278393, "MTHFR": 0.0013646381553983793, "CNTN4": 0.002054240307738243, "RTN4R": 0.006555878241857893, "DAOA": 0.0, "CHRNA5": 6.510802921318805e-05, "DRD2": 0.00018960128789855023, "SLC6A4": 1.5543373827372005e-05, "RGS6": 0.002640196493991513, "SHMT2": 0.0020397461582468217, "IGSF9B": 0.0003657153384363179, "TCF4": 0.007333434055384661, "NRG1": 0.0005882339439910463, "C10orf32": 0.005068080500595239, "C11orf31": 0.014600304798130966, "MAD1L1": 0.0010503935928138106, "SNAP91": 0.03380554355776316, "GPM6A": 0.0994356304258322, "ETF1": 0.007449399086897935, "ZNF536": 0.002588287900239098, "CNNM2": 0.0021486271008402114, "DTNBP1": 0.004464017550733493, "CLCN3": 0.0105849603492684, "SRPK2": 0.014644964393855613, "NAB2": 0.0049222321042174996, "HCN1": 0.007551738404742123, "IMMP2L": 0.000599789515754949, "OTUD7B": 0.0015200339211801515, "TAAR6": 6.418633327227195e-06, "CHI3L1": 0.0013439687910475947, "CENPM": 5.756718546159024e-05, "CSMD1": 0.0015058899076534446, "DISC1": 0.00028679646732707214, "ATP2A2": 0.0298745522874419, "KDM3B": 0.004290674604439278, "CYP26B1": 0.003930475436209865, "CUL3": 0.004244565149931167, "ADAMTSL3": 0.0002152923910221272, "DPYD": 0.0005113764367303985, "CACNB2": 0.005064352292294904, "MPHOSPH9": 0.0006184564969069666, "PLCH2": 0.0020370708235868604, "STAG1": 0.0013202798738630864, "CACNA1I": 0.002555423744071646, "TYW5": 0.0004244455670798538, "VIPR2": 0.0005527454447956768, "NFATC3": 0.0010407993742314015, "ZNF804A": 0.0011759114183728205, "PPP3CC": 0.0025331602254679967, "KCNN3": 0.0007152836883680668, "RGS4": 0.09723825256312192, "PRKD1": 0.0009064206430188977, "APOE": 0.038547188353261576, "SLC6A3": 8.986954600791165e-06, "AKT1": 0.0030075826220735363, "TCF20": 0.0034170404958964967, "GRM3": 0.01497762808078112, "TSNARE1": 0.001116858275602954, "MPP6": 0.001954938296100635, "HTR2A": 0.006475387210952155, "AMBRA1": 0.002429551541464407, "BCL11B": 0.0009592332779692196, "DAO": 4.390290752146635e-05, "SLC1A1": 0.00734154537418412, "VRK2": 0.001376686777778509, "ZDHHC8": 0.003433319352509467, "SDCCAG8": 0.002557861084905453, "TMTC1": 0.0017861130900497207, "NLGN4X": 0.003062044545362436}