{"GRAMD1B": 0.0112338501057002, "GRIN2A": 0.011020758749403442, "PAK6": 0.0055540261931426365, "NOTCH4": 0.0006290949967683579, "RERE": 0.006700394646939994, "DGKI": 0.0015897813613444873, "CHRNA3": 4.849195289257347e-05, "GIGYF2": 0.0024877771272250604, "MAN2A1": 0.0014159694942588099, "DRD4": 0.00021058582000169367, "PTGIS": 0.0008745066467628247, "COMT": 0.004135555902669907, "C3orf49": 0.0005909048185449801, "DRD3": 1.036632196776008e-05, "NRGN": 0.3988890475245676, "TMX2-CTNND1": 0.00983655083296087, "TNF": 1.1541761238352656e-05, "CHRNA7": 0.0001206951582161043, "APOPT1": 0.0023512279961034424, "BDNF": 0.0010489942275433086, "SMG6": 0.0036454809303847727, "GALNT10": 0.0007850976226050863, "SATB2": 0.004792450567664927, "NRXN1": 0.011390328756706999, "CACNA1C": 0.0017341259088899973, "AKT3": 0.012692419465584134, "APOL2": 0.009923823795020695, "EPC2": 0.003725524260174122, "MTHFR": 0.0015448418622642898, "CNTN4": 0.0018791855027185198, "RTN4R": 0.008034398204242149, "DAOA": 0.0, "CHRNA5": 0.0001183102569861217, "DRD2": 0.00027389056176359614, "SLC6A4": 1.7407358007642694e-05, "RGS6": 0.002802055247806429, "SHMT2": 0.0018337457737985848, "IGSF9B": 0.0005598065076805726, "TCF4": 0.008428484012068402, "NRG1": 0.0006727884596247738, "C10orf32": 0.004458712447363477, "C11orf31": 0.011956834511834023, "MAD1L1": 0.0012328103888653624, "SNAP91": 0.034891681822179665, "GPM6A": 0.09414130433708363, "ETF1": 0.007184651926018424, "ZNF536": 0.002372970849157672, "CNNM2": 0.0023410060615456627, "DTNBP1": 0.004041920642335918, "CLCN3": 0.011396395556305668, "SRPK2": 0.015110375197577625, "NAB2": 0.005721346014839473, "HCN1": 0.009232667520968066, "IMMP2L": 0.0005665164455227919, "OTUD7B": 0.0015862399156141688, "TAAR6": 0.0, "CHI3L1": 0.0014495581630733453, "CENPM": 0.00011539011487025958, "CSMD1": 0.001571262166878435, "DISC1": 0.00025868387719395056, "ATP2A2": 0.03357895669083254, "KDM3B": 0.0043842195508866175, "CYP26B1": 0.005426517001876836, "CUL3": 0.004518166175755328, "ADAMTSL3": 0.0001855213298735379, "DPYD": 0.00045670530530466795, "CACNB2": 0.004928841259053033, "MPHOSPH9": 0.0006445083287052659, "PLCH2": 0.0018296123221893839, "STAG1": 0.0014552260898864984, "CACNA1I": 0.002803475759357377, "TYW5": 0.00037096217922044064, "VIPR2": 0.000519928003321686, "NFATC3": 0.0009469376079426213, "ZNF804A": 0.0013034819731189053, "PPP3CC": 0.002582416377086182, "KCNN3": 0.0006814202986647664, "RGS4": 0.08423155555747297, "PRKD1": 0.0007196349336897847, "APOE": 0.036223992565397135, "SLC6A3": 3.875940649957816e-06, "AKT1": 0.0036411089619265854, "TCF20": 0.0035970166262846524, "GRM3": 0.014108150594273144, "TSNARE1": 0.0013405731080603199, "MPP6": 0.001926735072010895, "HTR2A": 0.006971877398762298, "AMBRA1": 0.0027428060992996397, "BCL11B": 0.0008611690165288513, "DAO": 2.6531509943336443e-05, "SLC1A1": 0.006828095962771258, "VRK2": 0.0011973858462831536, "ZDHHC8": 0.0036258635498854757, "SDCCAG8": 0.0024887675016255087, "TMTC1": 0.0020309286109582102, "NLGN4X": 0.003464269645356198}