{"GRAMD1B": 0.008136805616090129, "GRIN2A": 0.0091084363189051, "PAK6": 0.0071004292537776344, "NOTCH4": 0.0005782875636933781, "RERE": 0.006181666474881302, "DGKI": 0.0012496027882683265, "CHRNA3": 0.0001060721080711238, "GIGYF2": 0.0022333678268067077, "MAN2A1": 0.0014779403708161433, "DRD4": 0.0002430588105969488, "PTGIS": 0.00044124779418412853, "COMT": 0.004986822157455034, "C3orf49": 0.0004296634640230288, "DRD3": 5.189456958859398e-06, "NRGN": 0.3297666965852436, "TMX2-CTNND1": 0.008923547361435266, "TNF": 2.211081093405485e-05, "CHRNA7": 0.00013829754047626008, "APOPT1": 0.002783917692452916, "BDNF": 0.0014803198576513106, "SMG6": 0.003403801953918573, "GALNT10": 0.0011743800671121464, "SATB2": 0.004046763536422659, "NRXN1": 0.011838309873847591, "CACNA1C": 0.0014816999517215609, "AKT3": 0.012630071651111113, "APOL2": 0.007498084312095541, "EPC2": 0.0035282830902937158, "MTHFR": 0.0014528746837689007, "CNTN4": 0.0018792974694009992, "RTN4R": 0.007671484322084262, "DAOA": 0.0, "CHRNA5": 0.00014210863321271165, "DRD2": 0.0006165984836553857, "SLC6A4": 1.9252439284111082e-05, "RGS6": 0.002089494562175846, "SHMT2": 0.0018889425245304321, "IGSF9B": 0.00023254401057360284, "TCF4": 0.009352116257367043, "NRG1": 0.0004899907800622769, "C10orf32": 0.006076437606723508, "C11orf31": 0.012399100417989016, "MAD1L1": 0.0010054785946066668, "SNAP91": 0.035548948580097495, "GPM6A": 0.13092584858282832, "ETF1": 0.008652816065514745, "ZNF536": 0.002045846514722916, "CNNM2": 0.0018691583941953366, "DTNBP1": 0.006420322234351821, "CLCN3": 0.01111824062181252, "SRPK2": 0.015231302481879953, "NAB2": 0.004586391670503191, "HCN1": 0.006838300024116265, "IMMP2L": 0.0007368568629046367, "OTUD7B": 0.0015872745820943047, "TAAR6": 0.0, "CHI3L1": 0.0020812915480202423, "CENPM": 0.00013760231996751374, "CSMD1": 0.0012929122272073064, "DISC1": 0.0003676097733144511, "ATP2A2": 0.029366295101831988, "KDM3B": 0.0045145669573215036, "CYP26B1": 0.0072561508097687705, "CUL3": 0.004686321097696341, "ADAMTSL3": 0.00022885969904391288, "DPYD": 0.0006229099659577277, "CACNB2": 0.00484671225793374, "MPHOSPH9": 0.0005550634362692309, "PLCH2": 0.0023281061553184572, "STAG1": 0.0014833256043543625, "CACNA1I": 0.0022545344876174662, "TYW5": 0.00045324646878062286, "VIPR2": 0.0004190219190798105, "NFATC3": 0.0009227102740490023, "ZNF804A": 0.0013557175749049025, "PPP3CC": 0.002424743324899707, "KCNN3": 0.0010122572446872868, "RGS4": 0.07481519036179489, "PRKD1": 0.0010260493728595794, "APOE": 0.07929488250836245, "SLC6A3": 1.2027377525792243e-06, "AKT1": 0.0036957227195515865, "TCF20": 0.003126651507311835, "GRM3": 0.016138474710005617, "TSNARE1": 0.001119797328490281, "MPP6": 0.0018642316714204187, "HTR2A": 0.00710462308506905, "AMBRA1": 0.002610740069256117, "BCL11B": 0.0007963752405084617, "DAO": 2.502404525005089e-05, "SLC1A1": 0.007768222576570932, "VRK2": 0.0016112679915679024, "ZDHHC8": 0.003330704089312728, "SDCCAG8": 0.0026403828289823512, "TMTC1": 0.0024164476236615963, "NLGN4X": 0.003993674884541311}