{"GRAMD1B": 0.011655476552365157, "GRIN2A": 0.008519801320990091, "PAK6": 0.004720690618748288, "NOTCH4": 0.0009026729990605051, "RERE": 0.006215215911030351, "DGKI": 0.0010778710309859655, "CHRNA3": 4.955586172595926e-05, "GIGYF2": 0.0021027079467442066, "MAN2A1": 0.001454274537677472, "DRD4": 0.00026932461573508064, "PTGIS": 0.0004951195510490814, "COMT": 0.005066099595446551, "C3orf49": 0.0004708174456546453, "DRD3": 9.06346977353384e-06, "NRGN": 0.4707398972527696, "TMX2-CTNND1": 0.01019787021396494, "TNF": 9.931166947173517e-06, "CHRNA7": 0.00012424304467592654, "APOPT1": 0.003068428672422529, "BDNF": 0.0007176187145819853, "SMG6": 0.0033341401695634607, "GALNT10": 0.0007299035125531304, "SATB2": 0.003594445621385682, "NRXN1": 0.007957280968168012, "CACNA1C": 0.0014864582174961224, "AKT3": 0.009687116147126662, "APOL2": 0.009973122649722187, "EPC2": 0.0026158944540212877, "MTHFR": 0.001487928587817418, "CNTN4": 0.0018745293561259016, "RTN4R": 0.007871895784606252, "DAOA": 0.0, "CHRNA5": 0.00011399143291359587, "DRD2": 0.00014921629622161942, "SLC6A4": 1.837776427502188e-05, "RGS6": 0.002511841799412228, "SHMT2": 0.0021377368418223227, "IGSF9B": 0.0006527913529978102, "TCF4": 0.006282679130510363, "NRG1": 0.0007145191544695914, "C10orf32": 0.004080782533655045, "C11orf31": 0.016307882102261792, "MAD1L1": 0.0013384815116182175, "SNAP91": 0.028482879439347755, "GPM6A": 0.06451878343651493, "ETF1": 0.006215659456514689, "ZNF536": 0.002570632365760065, "CNNM2": 0.002413860216221829, "DTNBP1": 0.00451829901279789, "CLCN3": 0.008950455747381831, "SRPK2": 0.010685049667903509, "NAB2": 0.005720858420784875, "HCN1": 0.0075896869272114266, "IMMP2L": 0.00052756765408677, "OTUD7B": 0.001687867791347826, "TAAR6": 4.743486227504263e-06, "CHI3L1": 0.0012595046108938375, "CENPM": 0.00011618564414769567, "CSMD1": 0.001374735147273558, "DISC1": 0.00023450298444695658, "ATP2A2": 0.029453187525677486, "KDM3B": 0.0038654847765533596, "CYP26B1": 0.003242992789726028, "CUL3": 0.003531236981724424, "ADAMTSL3": 0.00025316261676506044, "DPYD": 0.0003873359534691316, "CACNB2": 0.003908548612496486, "MPHOSPH9": 0.0006067848289017327, "PLCH2": 0.001913875881670656, "STAG1": 0.0011225035865235352, "CACNA1I": 0.002955646789505355, "TYW5": 0.0003454638964903968, "VIPR2": 0.0006311920024800546, "NFATC3": 0.0009235035698639146, "ZNF804A": 0.0011981765359233097, "PPP3CC": 0.002367883391658731, "KCNN3": 0.0005783256165820267, "RGS4": 0.07308649010420146, "PRKD1": 0.0008027806647688074, "APOE": 0.0461621593864436, "SLC6A3": 1.0939326357969624e-06, "AKT1": 0.0038141980649955428, "TCF20": 0.0032076318441316464, "GRM3": 0.013581835001683949, "TSNARE1": 0.0013952714005739135, "MPP6": 0.0014560624495628565, "HTR2A": 0.0044027665149369575, "AMBRA1": 0.00249700089409446, "BCL11B": 0.00111402105909019, "DAO": 2.629625862687345e-05, "SLC1A1": 0.005764581002107048, "VRK2": 0.0010542579547566614, "ZDHHC8": 0.00420332426736249, "SDCCAG8": 0.0025088402964464256, "TMTC1": 0.001871462514187545, "NLGN4X": 0.002523818111742455}