{"GRAMD1B": 0.02090076589808638, "GRIN2A": 0.0062182705244951215, "PAK6": 0.003359200157202633, "NOTCH4": 0.002716623715640941, "RERE": 0.009718380807607372, "DGKI": 0.002995329627376725, "CHRNA3": 0.0130112876943878, "GIGYF2": 0.004514692091681214, "MAN2A1": 0.002718946887511273, "DRD4": 0.0006256366139051272, "PTGIS": 0.0005998886499752945, "COMT": 0.012297402400615463, "C3orf49": 0.0004613285335257427, "DRD3": 8.487477900242574e-05, "NRGN": 0.010628794428593413, "TMX2-CTNND1": 0.020803693451261776, "TNF": 2.1648824880984644e-05, "CHRNA7": 8.463654673197018e-05, "APOPT1": 0.005008132145395688, "BDNF": 0.002124187559585669, "SMG6": 0.0075438321668136596, "GALNT10": 0.002795618637277864, "SATB2": 0.0004613129028416118, "NRXN1": 0.01462682556153768, "CACNA1C": 0.004370300943601299, "AKT3": 0.019136420477293168, "APOL2": 0.015256226024520304, "EPC2": 0.003708013127982385, "MTHFR": 0.00265948717523998, "CNTN4": 0.0087854304926778, "RTN4R": 0.008302206418176462, "DAOA": 0.0, "CHRNA5": 0.0012528717847577605, "DRD2": 0.009864599664362523, "SLC6A4": 4.278432826448976e-05, "RGS6": 0.0017803496684442761, "SHMT2": 0.005299025075444144, "IGSF9B": 0.0005990849968761086, "TCF4": 0.0049548511737470295, "NRG1": 0.0014711477021318595, "C10orf32": 0.007213620693211638, "C11orf31": 0.018396253515288192, "MAD1L1": 0.0014435713413834634, "SNAP91": 0.05313960734815314, "GPM6A": 0.056520209745872435, "ETF1": 0.013507467050072771, "ZNF536": 0.005404498769223664, "CNNM2": 0.00613520572661278, "DTNBP1": 0.017200594654840636, "CLCN3": 0.018867130332387967, "SRPK2": 0.025204350363119663, "NAB2": 0.003135083672497789, "HCN1": 0.002247878176729585, "IMMP2L": 0.0009443492125209984, "OTUD7B": 0.005799118492064172, "TAAR6": 1.097883524368006e-05, "CHI3L1": 0.005120637680910348, "CENPM": 0.00031594331325757543, "CSMD1": 0.0005614928083164023, "DISC1": 0.0006811864924075116, "ATP2A2": 0.08734029135372436, "KDM3B": 0.007780851338890755, "CYP26B1": 0.0006827197740451878, "CUL3": 0.006572015516802233, "ADAMTSL3": 0.0004286928447345814, "DPYD": 0.0009692865436121904, "CACNB2": 0.007206360781116852, "MPHOSPH9": 0.0010564376348735976, "PLCH2": 0.006456511642507737, "STAG1": 0.002443177185043559, "CACNA1I": 0.0009083238280095887, "TYW5": 0.000587189947946262, "VIPR2": 0.0004398693737253517, "NFATC3": 0.002416909771208393, "ZNF804A": 0.002532485409021228, "PPP3CC": 0.005589463830897095, "KCNN3": 0.002583090977722565, "RGS4": 0.006431604786335291, "PRKD1": 0.0015154662950959206, "APOE": 0.26900139013477364, "SLC6A3": 3.047573763644697e-05, "AKT1": 0.007278774103366557, "TCF20": 0.0042085843126834, "GRM3": 0.019150566737962633, "TSNARE1": 0.0022059201119878674, "MPP6": 0.0015572604834197376, "HTR2A": 0.0009461555887531137, "AMBRA1": 0.004659204156374216, "BCL11B": 0.00013797145898680868, "DAO": 0.0005971134367537717, "SLC1A1": 0.0226114803771963, "VRK2": 0.0025655084241990303, "ZDHHC8": 0.005279175089659725, "SDCCAG8": 0.005073666000503982, "TMTC1": 0.008174624645439645, "NLGN4X": 0.009777525743459876}