{"GRAMD1B": 0.010234078176107398, "GRIN2A": 0.010040569373475878, "PAK6": 0.006958067448318703, "NOTCH4": 0.0007294952034554889, "RERE": 0.007158183687105947, "DGKI": 0.0012128032231296807, "CHRNA3": 0.00010116479381963841, "GIGYF2": 0.0025446294832244948, "MAN2A1": 0.0018067362262264625, "DRD4": 0.0002553665737622623, "PTGIS": 0.00063953186330157, "COMT": 0.005419691508370147, "C3orf49": 0.0004768308062582036, "DRD3": 1.842028011296514e-05, "NRGN": 0.3562936662152227, "TMX2-CTNND1": 0.010601011933115051, "TNF": 1.2747930773250129e-05, "CHRNA7": 0.0001211281586830486, "APOPT1": 0.0024501682058677148, "BDNF": 0.0015010602308688967, "SMG6": 0.004140296315650483, "GALNT10": 0.001100493223113419, "SATB2": 0.00489060012803806, "NRXN1": 0.011191068675802626, "CACNA1C": 0.002049506212113841, "AKT3": 0.011999057003520434, "APOL2": 0.006527037292796443, "EPC2": 0.003507117790015841, "MTHFR": 0.0017806154049600988, "CNTN4": 0.002233352268595137, "RTN4R": 0.008660774089882188, "DAOA": 0.0, "CHRNA5": 0.00014966543250308413, "DRD2": 0.00014865779301779242, "SLC6A4": 2.6499999243832655e-05, "RGS6": 0.002147595888950836, "SHMT2": 0.0021040246734053626, "IGSF9B": 0.000782622251187553, "TCF4": 0.00938654919078528, "NRG1": 0.0007133517421013183, "C10orf32": 0.0051741034586225134, "C11orf31": 0.012494964893995724, "MAD1L1": 0.0011769996298632013, "SNAP91": 0.03489626906313451, "GPM6A": 0.10449409683577847, "ETF1": 0.008119803659914259, "ZNF536": 0.002682196676051655, "CNNM2": 0.0023975286726781115, "DTNBP1": 0.004669035109707415, "CLCN3": 0.0115025636578707, "SRPK2": 0.01523012392431448, "NAB2": 0.0052721212393754685, "HCN1": 0.007290429256543694, "IMMP2L": 0.000673030842367328, "OTUD7B": 0.0016418384538238711, "TAAR6": 2.203138951513077e-05, "CHI3L1": 0.0013355097033045144, "CENPM": 0.00020165319540876107, "CSMD1": 0.0017929871123894704, "DISC1": 0.00033239846756768853, "ATP2A2": 0.03086318326878454, "KDM3B": 0.0050068826876324135, "CYP26B1": 0.003298047369985764, "CUL3": 0.004558805390600732, "ADAMTSL3": 0.0002887299679754706, "DPYD": 0.0005943243279012349, "CACNB2": 0.00513451684005124, "MPHOSPH9": 0.0007255398245245735, "PLCH2": 0.002968380844180707, "STAG1": 0.0016293961634809442, "CACNA1I": 0.0031878064889299604, "TYW5": 0.0005269708288609756, "VIPR2": 0.000414149896095276, "NFATC3": 0.001069050997319388, "ZNF804A": 0.001537014619879374, "PPP3CC": 0.0026821162443594645, "KCNN3": 0.0008726099944263133, "RGS4": 0.07757015144403437, "PRKD1": 0.0009371541840762156, "APOE": 0.06297271853081207, "SLC6A3": 1.440329160014063e-06, "AKT1": 0.0036788421886142352, "TCF20": 0.004220885041144706, "GRM3": 0.01776444994362307, "TSNARE1": 0.0014453268680172419, "MPP6": 0.00212405927776757, "HTR2A": 0.005665098887745256, "AMBRA1": 0.002778852042426691, "BCL11B": 0.0014351803279742644, "DAO": 4.567469580028184e-05, "SLC1A1": 0.008251188008375758, "VRK2": 0.0016302924023367804, "ZDHHC8": 0.004188861190256808, "SDCCAG8": 0.0025804308878735, "TMTC1": 0.00232323441104075, "NLGN4X": 0.003750261701198749}