{"GRAMD1B": 0.011333222300760136, "GRIN2A": 0.00877739656649545, "PAK6": 0.005100801073932494, "NOTCH4": 0.0008406463257381872, "RERE": 0.006382329860702269, "DGKI": 0.001114721101792584, "CHRNA3": 4.2125427834925135e-05, "GIGYF2": 0.002160847314326409, "MAN2A1": 0.0012416953023249415, "DRD4": 0.0002486697478289809, "PTGIS": 0.000562653149299537, "COMT": 0.004292579898340425, "C3orf49": 0.0005066448040319224, "DRD3": 1.3187847633805479e-05, "NRGN": 0.4671292880957255, "TMX2-CTNND1": 0.009833149736765192, "TNF": 4.792473420278906e-06, "CHRNA7": 0.00010643732964957208, "APOPT1": 0.002834720458594648, "BDNF": 0.0007699612427636264, "SMG6": 0.003410042481087332, "GALNT10": 0.0006542099788632832, "SATB2": 0.0037623745660744033, "NRXN1": 0.00853657550397636, "CACNA1C": 0.0016179767988256535, "AKT3": 0.010209458404777858, "APOL2": 0.010778104957049957, "EPC2": 0.002972523153581091, "MTHFR": 0.0014785457299835365, "CNTN4": 0.0017641384476568673, "RTN4R": 0.007963826868065479, "DAOA": 0.0, "CHRNA5": 0.00012110524979355657, "DRD2": 0.00021135660082356847, "SLC6A4": 2.148458159149612e-05, "RGS6": 0.002554424364733741, "SHMT2": 0.0020503220378917187, "IGSF9B": 0.0006010693063413258, "TCF4": 0.006509255325030646, "NRG1": 0.0006229198503408155, "C10orf32": 0.0044498353831807225, "C11orf31": 0.0162731143518077, "MAD1L1": 0.0012945064184311994, "SNAP91": 0.031041041953102574, "GPM6A": 0.07059129573286163, "ETF1": 0.006456253145753036, "ZNF536": 0.0021785730119566467, "CNNM2": 0.0023472659302323138, "DTNBP1": 0.004132917314654615, "CLCN3": 0.008982144691408329, "SRPK2": 0.01179942314787673, "NAB2": 0.0056901741705341355, "HCN1": 0.008169503233166247, "IMMP2L": 0.0006028408697520548, "OTUD7B": 0.0013267547381027025, "TAAR6": 2.7586033255417384e-06, "CHI3L1": 0.0013835556576845902, "CENPM": 0.0001103283189141836, "CSMD1": 0.0014168219745843474, "DISC1": 0.00021855288231735734, "ATP2A2": 0.029708957381561724, "KDM3B": 0.003899013246906804, "CYP26B1": 0.0040474966942461825, "CUL3": 0.0037817760798827733, "ADAMTSL3": 0.00017850533236301049, "DPYD": 0.00037229212431892254, "CACNB2": 0.004185197316357034, "MPHOSPH9": 0.0006293046764344237, "PLCH2": 0.0018308313310789067, "STAG1": 0.0011777705106929355, "CACNA1I": 0.002841208699366907, "TYW5": 0.00034543785294626416, "VIPR2": 0.0007876557434727328, "NFATC3": 0.0009409034542607119, "ZNF804A": 0.0012154334849245525, "PPP3CC": 0.002595611632622446, "KCNN3": 0.00042223652611028017, "RGS4": 0.0766976531246112, "PRKD1": 0.0007151540508418767, "APOE": 0.03414717706318633, "SLC6A3": 0.0, "AKT1": 0.0036431812418758975, "TCF20": 0.003085685552242908, "GRM3": 0.012715031218390595, "TSNARE1": 0.0014153410553005953, "MPP6": 0.0013183881168118776, "HTR2A": 0.004978645959088022, "AMBRA1": 0.00255940547314105, "BCL11B": 0.0008743939665639718, "DAO": 2.468621953433367e-05, "SLC1A1": 0.006475363775826741, "VRK2": 0.0011049221057358347, "ZDHHC8": 0.004017666495373893, "SDCCAG8": 0.0024454140318746673, "TMTC1": 0.0015898171447623365, "NLGN4X": 0.002914164304804148}