{"GRAMD1B": 0.010294445437282413, "GRIN2A": 0.009543887582416656, "PAK6": 0.0060000469650107364, "NOTCH4": 0.0006450800009592291, "RERE": 0.006670034576104349, "DGKI": 0.0012671888610830018, "CHRNA3": 3.4286967050642875e-05, "GIGYF2": 0.002156354935372534, "MAN2A1": 0.0012496901462906215, "DRD4": 0.0002335540330638564, "PTGIS": 0.0007203610141133293, "COMT": 0.004374865558333504, "C3orf49": 0.00045353251145004825, "DRD3": 7.888548381085245e-06, "NRGN": 0.4447224158798944, "TMX2-CTNND1": 0.010858543468520427, "TNF": 1.0493054343530424e-05, "CHRNA7": 0.00012367184261751876, "APOPT1": 0.002049978975961716, "BDNF": 0.0009896612750539368, "SMG6": 0.003551925829175032, "GALNT10": 0.0007511374383171398, "SATB2": 0.00420840172573539, "NRXN1": 0.00987593641631236, "CACNA1C": 0.0016361251728927509, "AKT3": 0.010782663733445002, "APOL2": 0.008949560270040999, "EPC2": 0.0031965271570599447, "MTHFR": 0.0014747530329463476, "CNTN4": 0.001651060871029862, "RTN4R": 0.009418176791459044, "DAOA": 0.0, "CHRNA5": 0.00010426348857981708, "DRD2": 0.00040276783304488367, "SLC6A4": 1.4425035799816699e-05, "RGS6": 0.0025067830346563137, "SHMT2": 0.0018028121971509492, "IGSF9B": 0.000378765839020018, "TCF4": 0.007296569263957582, "NRG1": 0.00054708447439639, "C10orf32": 0.003625674090683345, "C11orf31": 0.011139575837757498, "MAD1L1": 0.0012930366542087779, "SNAP91": 0.03152332674665141, "GPM6A": 0.07716420692500041, "ETF1": 0.006263853806409329, "ZNF536": 0.002836315815801709, "CNNM2": 0.002297921699830346, "DTNBP1": 0.0039053142832772398, "CLCN3": 0.009700774624194778, "SRPK2": 0.012936022118311278, "NAB2": 0.0054886932900791606, "HCN1": 0.008054255407095433, "IMMP2L": 0.00046843156145323075, "OTUD7B": 0.0015514417416447812, "TAAR6": 0.0, "CHI3L1": 0.0015140334982720778, "CENPM": 0.00011953490172155459, "CSMD1": 0.0013961167700195904, "DISC1": 0.00024009572497005172, "ATP2A2": 0.031596491805139564, "KDM3B": 0.004091208549282631, "CYP26B1": 0.006496475800511553, "CUL3": 0.003768748857985391, "ADAMTSL3": 0.00017552135103156988, "DPYD": 0.0004375645575406248, "CACNB2": 0.0040240085401489325, "MPHOSPH9": 0.0005206921623918155, "PLCH2": 0.002267271643821673, "STAG1": 0.0011987781061913775, "CACNA1I": 0.002904469445575909, "TYW5": 0.00032247290272329886, "VIPR2": 0.0006748239431676777, "NFATC3": 0.0008879105363679153, "ZNF804A": 0.0011653853219373573, "PPP3CC": 0.002329943119961692, "KCNN3": 0.0005764562344447228, "RGS4": 0.0703454234550805, "PRKD1": 0.0006474531712318282, "APOE": 0.04544843223061582, "SLC6A3": 2.1884817754446863e-06, "AKT1": 0.0036777533512259, "TCF20": 0.0032956386419232047, "GRM3": 0.014349481825931747, "TSNARE1": 0.0014554100573697898, "MPP6": 0.0014616592428737054, "HTR2A": 0.006541655800996756, "AMBRA1": 0.0027688357425334235, "BCL11B": 0.0007514754155522557, "DAO": 1.450361211363549e-05, "SLC1A1": 0.0062661486130177755, "VRK2": 0.0011188340478186986, "ZDHHC8": 0.004406973848115643, "SDCCAG8": 0.0022535498585651748, "TMTC1": 0.0016454627554607954, "NLGN4X": 0.0032870684079371647}