{"GRAMD1B": 0.011366845603241912, "GRIN2A": 0.011044220579149428, "PAK6": 0.005219432873465794, "NOTCH4": 0.0007657658266026579, "RERE": 0.006819586949657111, "DGKI": 0.001573271207057841, "CHRNA3": 5.1114384003048684e-05, "GIGYF2": 0.002564211975836746, "MAN2A1": 0.001899516324270964, "DRD4": 0.0002645769749521292, "PTGIS": 0.0005623342360458592, "COMT": 0.004891678173087145, "C3orf49": 0.0005760707034852787, "DRD3": 8.023915113225861e-06, "NRGN": 0.4091347328195121, "TMX2-CTNND1": 0.01007861051900548, "TNF": 1.0369832847861057e-05, "CHRNA7": 0.00011782023551094344, "APOPT1": 0.002334009339010244, "BDNF": 0.0010159010291214297, "SMG6": 0.003784895954172388, "GALNT10": 0.0008797384632604994, "SATB2": 0.00489974048428629, "NRXN1": 0.010376020583619763, "CACNA1C": 0.0016847748683103544, "AKT3": 0.012052816918644871, "APOL2": 0.009374554800106993, "EPC2": 0.0034502789095135038, "MTHFR": 0.0016225864667337765, "CNTN4": 0.0020740596788057955, "RTN4R": 0.0073175153464260295, "DAOA": 1.4247686082979768e-06, "CHRNA5": 0.00010143169993616916, "DRD2": 0.0002115332666674042, "SLC6A4": 1.7075040254133053e-05, "RGS6": 0.0025758377803486, "SHMT2": 0.0020218629280072853, "IGSF9B": 0.0005814979111942023, "TCF4": 0.0077263235212996625, "NRG1": 0.0006468773181583349, "C10orf32": 0.004031438598612218, "C11orf31": 0.011762898425004376, "MAD1L1": 0.0013606991554470794, "SNAP91": 0.031265575828350094, "GPM6A": 0.08204215586061776, "ETF1": 0.007213548637975285, "ZNF536": 0.003502066204043845, "CNNM2": 0.0026028676050194183, "DTNBP1": 0.0038646940347293463, "CLCN3": 0.011292951749495838, "SRPK2": 0.014333911556139813, "NAB2": 0.005427568723914565, "HCN1": 0.008498654415713885, "IMMP2L": 0.0005034820617063696, "OTUD7B": 0.0019103908810619023, "TAAR6": 0.0, "CHI3L1": 0.0013736503132991908, "CENPM": 0.00012600453204387977, "CSMD1": 0.0016862552847280096, "DISC1": 0.000270558044925668, "ATP2A2": 0.033245370821637234, "KDM3B": 0.004572656160191283, "CYP26B1": 0.004135955497988689, "CUL3": 0.004157003997731878, "ADAMTSL3": 0.00023065441547357344, "DPYD": 0.0004748908981898018, "CACNB2": 0.00476643911520239, "MPHOSPH9": 0.000729828008016928, "PLCH2": 0.002310908968752588, "STAG1": 0.0013759005380954965, "CACNA1I": 0.0032167085841152358, "TYW5": 0.0003951171402530084, "VIPR2": 0.0007631703939688045, "NFATC3": 0.0011291182368112838, "ZNF804A": 0.001375748585457994, "PPP3CC": 0.002428311757734189, "KCNN3": 0.0005807921472829021, "RGS4": 0.0829293124680742, "PRKD1": 0.0009181487246271777, "APOE": 0.04148711870916216, "SLC6A3": 1.7754151264888492e-06, "AKT1": 0.0036690927471500017, "TCF20": 0.0035855228757889946, "GRM3": 0.01674172347533199, "TSNARE1": 0.0015370197949416944, "MPP6": 0.001777999341142753, "HTR2A": 0.006472991244026132, "AMBRA1": 0.0028324425448769076, "BCL11B": 0.000973727543408117, "DAO": 3.2396338009132205e-05, "SLC1A1": 0.006494220149283243, "VRK2": 0.00131208501951801, "ZDHHC8": 0.004164145261786322, "SDCCAG8": 0.0026313923784910104, "TMTC1": 0.0018559158605172114, "NLGN4X": 0.0031843592443430127}