{"GRAMD1B": 0.004336065277337385, "GRIN2A": 0.005219469955340426, "PAK6": 0.003904171808111245, "NOTCH4": 0.0005807961649474099, "RERE": 0.003778245415799321, "DGKI": 0.0005562450038840062, "CHRNA3": 0.00011250234227649209, "GIGYF2": 0.0014104266208880708, "MAN2A1": 0.0006293047303818687, "DRD4": 0.00045997497405612627, "PTGIS": 0.0003427447667532994, "COMT": 0.005804646540862459, "C3orf49": 0.00027451489342952584, "DRD3": 1.8070798600802966e-06, "NRGN": 0.4042540672147589, "TMX2-CTNND1": 0.008607299276709795, "TNF": 5.183881754124536e-06, "CHRNA7": 6.188896269909629e-05, "APOPT1": 0.0027287205465051268, "BDNF": 0.0006173479533436635, "SMG6": 0.001996026236654986, "GALNT10": 0.0008034861991877393, "SATB2": 0.0021699398631205963, "NRXN1": 0.006045972621120293, "CACNA1C": 0.0006859865035125699, "AKT3": 0.005318471213280082, "APOL2": 0.003417403908979618, "EPC2": 0.0016911251301165893, "MTHFR": 0.0006179984652221736, "CNTN4": 0.0009660131024455223, "RTN4R": 0.004568551177699653, "DAOA": 0.0, "CHRNA5": 7.650078948435898e-05, "DRD2": 0.000418617430395453, "SLC6A4": 1.7951955084536663e-05, "RGS6": 0.0011584457749683008, "SHMT2": 0.0026700378567764576, "IGSF9B": 0.0001992758862973704, "TCF4": 0.004643794596197786, "NRG1": 0.00035180373723310435, "C10orf32": 0.0033183963961180515, "C11orf31": 0.010925360167836915, "MAD1L1": 0.0007593603587728187, "SNAP91": 0.016089173498826843, "GPM6A": 0.10086733158952972, "ETF1": 0.004790648640390732, "ZNF536": 0.001241871289735915, "CNNM2": 0.0010686504452526624, "DTNBP1": 0.003311809634141719, "CLCN3": 0.0061497075381192106, "SRPK2": 0.007055792233756974, "NAB2": 0.0030111177608414964, "HCN1": 0.003388791262517653, "IMMP2L": 0.0003943734847596939, "OTUD7B": 0.000972347033894175, "TAAR6": 0.0, "CHI3L1": 0.0014300620717440273, "CENPM": 0.00010588377896034943, "CSMD1": 0.0005117705338742763, "DISC1": 0.00022556058250746425, "ATP2A2": 0.016808555359616662, "KDM3B": 0.00238621386183206, "CYP26B1": 0.004390288866157946, "CUL3": 0.002198060872720533, "ADAMTSL3": 0.00010071971543248315, "DPYD": 0.00021515298502284883, "CACNB2": 0.0020172666346314452, "MPHOSPH9": 0.00028649273967837113, "PLCH2": 0.0011538974591213888, "STAG1": 0.0007929805640323647, "CACNA1I": 0.0017365605536553534, "TYW5": 0.00024349574806477206, "VIPR2": 0.0005240926641932361, "NFATC3": 0.0007919672666831468, "ZNF804A": 0.0006512631275521696, "PPP3CC": 0.0016654246436127727, "KCNN3": 0.0002929245112739334, "RGS4": 0.039999582995549364, "PRKD1": 0.0007285436753540588, "APOE": 0.22520056237065306, "SLC6A3": 4.6483945974520494e-07, "AKT1": 0.0029415357050836173, "TCF20": 0.001540969803981487, "GRM3": 0.014075615374474456, "TSNARE1": 0.0006971179600652361, "MPP6": 0.0009347141316269561, "HTR2A": 0.002431046376740103, "AMBRA1": 0.001436509974453986, "BCL11B": 0.0003913423496027124, "DAO": 6.623698936236171e-06, "SLC1A1": 0.003743202380408742, "VRK2": 0.0008321926694783358, "ZDHHC8": 0.002958095446233832, "SDCCAG8": 0.0017143275983339, "TMTC1": 0.0008907145747933088, "NLGN4X": 0.002025030967958705}