{"GRAMD1B": 0.004124413113596525, "GRIN2A": 0.005330380981678039, "PAK6": 0.004566606200713503, "NOTCH4": 0.0006429397001739942, "RERE": 0.003685106680553451, "DGKI": 0.0005304121068284045, "CHRNA3": 0.0001254434610531532, "GIGYF2": 0.001242237380718325, "MAN2A1": 0.0006751135610714257, "DRD4": 0.00035862501506956946, "PTGIS": 0.00048736494576704227, "COMT": 0.005061472691125509, "C3orf49": 0.0001897716519226648, "DRD3": 2.3479010099667525e-05, "NRGN": 0.4650998544583153, "TMX2-CTNND1": 0.0082446212356579, "TNF": 4.675236122469008e-06, "CHRNA7": 8.491353579386799e-05, "APOPT1": 0.003455094561701074, "BDNF": 0.0007487004956091162, "SMG6": 0.0018876042574274953, "GALNT10": 0.0009578237055392538, "SATB2": 0.002334158333085961, "NRXN1": 0.006277961801921664, "CACNA1C": 0.0006069038909174621, "AKT3": 0.005391074584191265, "APOL2": 0.0034913098217674624, "EPC2": 0.002009361631915208, "MTHFR": 0.0006692555354482695, "CNTN4": 0.0012214561422819992, "RTN4R": 0.006082354159265982, "DAOA": 1.5971622870196366e-05, "CHRNA5": 5.141716416053951e-05, "DRD2": 0.0002158940141842668, "SLC6A4": 1.8202154703967603e-05, "RGS6": 0.0012119929081560767, "SHMT2": 0.0021756261458670788, "IGSF9B": 0.00017822653800592692, "TCF4": 0.004447308136975756, "NRG1": 0.0005221002791778182, "C10orf32": 0.003475760617757119, "C11orf31": 0.017600047157602883, "MAD1L1": 0.0008736107790932629, "SNAP91": 0.018354754664740083, "GPM6A": 0.09934042105317074, "ETF1": 0.0055467260433862435, "ZNF536": 0.0012254695805108155, "CNNM2": 0.0010570762791610878, "DTNBP1": 0.004337509280991395, "CLCN3": 0.006228887848010386, "SRPK2": 0.007149553968067772, "NAB2": 0.003555743095692607, "HCN1": 0.0034680346344015947, "IMMP2L": 0.00048628314951283213, "OTUD7B": 0.000879770949800922, "TAAR6": 2.6501796392582458e-05, "CHI3L1": 0.001620826423582682, "CENPM": 0.00013696436997693377, "CSMD1": 0.0006124997514272421, "DISC1": 0.0002896662421163207, "ATP2A2": 0.017199592242221232, "KDM3B": 0.0025622908925024487, "CYP26B1": 0.004065126739294548, "CUL3": 0.0024091296262898285, "ADAMTSL3": 0.00013895034791634224, "DPYD": 0.0002142246208596425, "CACNB2": 0.00271479445063057, "MPHOSPH9": 0.00028031193045870666, "PLCH2": 0.0013098486032877895, "STAG1": 0.000736350941271263, "CACNA1I": 0.0016891834103317134, "TYW5": 0.0002904019904367328, "VIPR2": 0.0005723143717228816, "NFATC3": 0.0006282309936777237, "ZNF804A": 0.0005574866434336548, "PPP3CC": 0.002088557030252115, "KCNN3": 0.0004114712754005114, "RGS4": 0.06116939004392957, "PRKD1": 0.0007453794036443744, "APOE": 0.13035590610660475, "SLC6A3": 7.142893421729837e-06, "AKT1": 0.0030053841549609627, "TCF20": 0.00131372015017858, "GRM3": 0.012559015165702438, "TSNARE1": 0.0006965692006908402, "MPP6": 0.0010178679465172764, "HTR2A": 0.0033582182506637125, "AMBRA1": 0.0017561694763589346, "BCL11B": 0.000410624351043481, "DAO": 3.877523020085937e-05, "SLC1A1": 0.00414369781574414, "VRK2": 0.0009852454585952029, "ZDHHC8": 0.002918017484863609, "SDCCAG8": 0.0017174636059827221, "TMTC1": 0.0008185475918039018, "NLGN4X": 0.0018422478565725047}