{"GRAMD1B": 0.007307141977152344, "GRIN2A": 0.0069090741421695525, "PAK6": 0.003983018856444164, "NOTCH4": 0.0008851855276033637, "RERE": 0.005517533998508048, "DGKI": 0.0008522678656752395, "CHRNA3": 0.0006673293283247316, "GIGYF2": 0.002942143882119645, "MAN2A1": 0.0018269737882099567, "DRD4": 0.0008101892435888494, "PTGIS": 0.000327919987782379, "COMT": 0.010244334914193423, "C3orf49": 0.0001997352794318462, "DRD3": 6.201354977559097e-06, "NRGN": 0.16477400365795533, "TMX2-CTNND1": 0.011924120792091729, "TNF": 3.4883753322819635e-06, "CHRNA7": 0.00010473009981861284, "APOPT1": 0.004371008358014371, "BDNF": 0.0024852300488189733, "SMG6": 0.003370431574821993, "GALNT10": 0.0019025573385821933, "SATB2": 0.0010659521695177913, "NRXN1": 0.00955030458602891, "CACNA1C": 0.0006725128098131003, "AKT3": 0.009855358515459288, "APOL2": 0.006047468807243551, "EPC2": 0.0035319344317883213, "MTHFR": 0.0011053636674542126, "CNTN4": 0.0008658327309831072, "RTN4R": 0.002756792217370627, "DAOA": 0.0, "CHRNA5": 0.00012274870891204663, "DRD2": 0.0005545294184576873, "SLC6A4": 1.4737126645585078e-05, "RGS6": 0.0004353656348906581, "SHMT2": 0.004275082480376521, "IGSF9B": 0.00013587315737014004, "TCF4": 0.011784889287534656, "NRG1": 0.0007094289524254838, "C10orf32": 0.008965723062618423, "C11orf31": 0.018373990828002527, "MAD1L1": 0.0012083874359021655, "SNAP91": 0.031833747308504384, "GPM6A": 0.18460158340220906, "ETF1": 0.013735362820640484, "ZNF536": 0.0035361183754019205, "CNNM2": 0.0016549877000619866, "DTNBP1": 0.005518965954032764, "CLCN3": 0.01601967818537153, "SRPK2": 0.014712444340931446, "NAB2": 0.005166863562208214, "HCN1": 0.005210788715632615, "IMMP2L": 0.0010294831920513333, "OTUD7B": 0.0029758912882076782, "TAAR6": 1.1279694720044125e-05, "CHI3L1": 0.0038574175933713283, "CENPM": 0.000212074259136485, "CSMD1": 0.0007114467258931402, "DISC1": 0.0006041459861002589, "ATP2A2": 0.028426832140394025, "KDM3B": 0.005220195511281883, "CYP26B1": 0.001953585649779547, "CUL3": 0.005656383648258531, "ADAMTSL3": 0.00029226034499478743, "DPYD": 0.0005469644138798661, "CACNB2": 0.003220708280268647, "MPHOSPH9": 0.0004827629018995431, "PLCH2": 0.0013099292126783312, "STAG1": 0.002314502962303149, "CACNA1I": 0.0015436335714971393, "TYW5": 0.0005419729790243984, "VIPR2": 0.0004984245451178104, "NFATC3": 0.0022282340610499203, "ZNF804A": 0.0016487555662702757, "PPP3CC": 0.002580503678944944, "KCNN3": 0.0007465649907368354, "RGS4": 0.036309279202638114, "PRKD1": 0.001644654577321557, "APOE": 0.2150222440804048, "SLC6A3": 1.0373118739568092e-05, "AKT1": 0.004851061078342651, "TCF20": 0.002281253942574754, "GRM3": 0.018309154515324763, "TSNARE1": 0.0007933955325431103, "MPP6": 0.0023226088181285826, "HTR2A": 0.0012101521976419375, "AMBRA1": 0.0024628851564409324, "BCL11B": 0.0034649885358967306, "DAO": 0.0001411662904413326, "SLC1A1": 0.01127283055071047, "VRK2": 0.0027288555880463426, "ZDHHC8": 0.0022989845146373536, "SDCCAG8": 0.0036100329569212102, "TMTC1": 0.004694289270755916, "NLGN4X": 0.004211245573899458}