{"GRAMD1B": 0.004026227348143371, "GRIN2A": 0.004465658903254357, "PAK6": 0.004556042557342012, "NOTCH4": 0.0008076089489012437, "RERE": 0.004074856124191725, "DGKI": 0.0005531325213703476, "CHRNA3": 9.586978165752121e-05, "GIGYF2": 0.0017837365913713477, "MAN2A1": 0.000847759555471322, "DRD4": 0.0006640987030799385, "PTGIS": 0.0004411674024345741, "COMT": 0.006026247809286159, "C3orf49": 0.00026055846613937903, "DRD3": 3.7436878810440184e-06, "NRGN": 0.381209795252152, "TMX2-CTNND1": 0.007745241945044102, "TNF": 0.0, "CHRNA7": 5.867812720023369e-05, "APOPT1": 0.002730108236102053, "BDNF": 0.0007998375973120078, "SMG6": 0.002433647244771348, "GALNT10": 0.0010957108211140927, "SATB2": 0.002280368277030488, "NRXN1": 0.0061110675071155566, "CACNA1C": 0.0005702869027342777, "AKT3": 0.005793898733223451, "APOL2": 0.0044085884096296156, "EPC2": 0.002078583228791882, "MTHFR": 0.0007240018584888787, "CNTN4": 0.0010747052187585517, "RTN4R": 0.00468673270804824, "DAOA": 0.0, "CHRNA5": 5.110854076580451e-05, "DRD2": 0.00027973965080547026, "SLC6A4": 1.854354783340003e-05, "RGS6": 0.0012384373510448256, "SHMT2": 0.002207549669882279, "IGSF9B": 0.00018508619931240758, "TCF4": 0.005653247906433475, "NRG1": 0.00039173075141599314, "C10orf32": 0.0036446872300219656, "C11orf31": 0.01123577524534406, "MAD1L1": 0.0010008699525552638, "SNAP91": 0.01608323447125351, "GPM6A": 0.10842924567410514, "ETF1": 0.006421290642553405, "ZNF536": 0.0019238049633035106, "CNNM2": 0.0010644277213573386, "DTNBP1": 0.0038961599820587453, "CLCN3": 0.008111746429209454, "SRPK2": 0.008251151686756225, "NAB2": 0.0035446267593418545, "HCN1": 0.002491158263508257, "IMMP2L": 0.0005384139801820952, "OTUD7B": 0.0016335520410931314, "TAAR6": 0.0, "CHI3L1": 0.0016574958994124878, "CENPM": 0.00010005709694025509, "CSMD1": 0.0005102641928428713, "DISC1": 0.000377664854385996, "ATP2A2": 0.017984356269142285, "KDM3B": 0.003354488210092038, "CYP26B1": 0.0037140571382440826, "CUL3": 0.0026500776977227184, "ADAMTSL3": 0.00015029301407563938, "DPYD": 0.00034782625818806633, "CACNB2": 0.002884673994758147, "MPHOSPH9": 0.00038821314288388733, "PLCH2": 0.001556127813698725, "STAG1": 0.0010827731104475014, "CACNA1I": 0.0016006289935376484, "TYW5": 0.00034763209364258886, "VIPR2": 0.0006622041348686655, "NFATC3": 0.0011441639300182453, "ZNF804A": 0.0006633225102414571, "PPP3CC": 0.0019252347309871038, "KCNN3": 0.0004906279798610958, "RGS4": 0.0525008564469259, "PRKD1": 0.0009928838837524646, "APOE": 0.2005323049508792, "SLC6A3": 1.1552150608690833e-06, "AKT1": 0.003423017397853609, "TCF20": 0.0014815417934310384, "GRM3": 0.01818119266147077, "TSNARE1": 0.0008504589351419195, "MPP6": 0.0011609961773939026, "HTR2A": 0.002568950383661389, "AMBRA1": 0.0016856739951436027, "BCL11B": 0.0004368295097741512, "DAO": 4.586567147310561e-05, "SLC1A1": 0.004307349068931029, "VRK2": 0.0011133830133779146, "ZDHHC8": 0.003060832464061878, "SDCCAG8": 0.0021476018027255985, "TMTC1": 0.0007731620179537843, "NLGN4X": 0.002259019755346875}