{"GRAMD1B": 0.003789786763714999, "GRIN2A": 0.004548744682885479, "PAK6": 0.004043078155139978, "NOTCH4": 0.000659935351196268, "RERE": 0.0032061751384458315, "DGKI": 0.0003956673461235034, "CHRNA3": 0.00014306615457194158, "GIGYF2": 0.0011834355252847864, "MAN2A1": 0.0006226319144168988, "DRD4": 0.0004219922236091718, "PTGIS": 0.00040802007189101293, "COMT": 0.006495416386526881, "C3orf49": 0.00019725686110865369, "DRD3": 1.0967257613063286e-05, "NRGN": 0.3861327598363297, "TMX2-CTNND1": 0.009155777314362668, "TNF": 8.110280878417645e-06, "CHRNA7": 7.585280755449905e-05, "APOPT1": 0.003057837652600098, "BDNF": 0.0007630339753032843, "SMG6": 0.0017139760551503885, "GALNT10": 0.0008643229325256548, "SATB2": 0.0022248311521572968, "NRXN1": 0.006022782242470597, "CACNA1C": 0.0004947838815893564, "AKT3": 0.004452101207500626, "APOL2": 0.003117194625531145, "EPC2": 0.0018672803426536, "MTHFR": 0.0005740386870582479, "CNTN4": 0.0010669987057538679, "RTN4R": 0.005296883729849279, "DAOA": 0.0, "CHRNA5": 6.561270375597763e-05, "DRD2": 0.0002537660929979739, "SLC6A4": 7.567060141752507e-06, "RGS6": 0.0010392191336717617, "SHMT2": 0.002625830757096143, "IGSF9B": 0.00014422226458125225, "TCF4": 0.004376727965633911, "NRG1": 0.0004168279028607528, "C10orf32": 0.0038012260807859626, "C11orf31": 0.016471568095223512, "MAD1L1": 0.0008124203055860153, "SNAP91": 0.017185832726182283, "GPM6A": 0.1306451870754565, "ETF1": 0.005516053536176947, "ZNF536": 0.0011072404281710123, "CNNM2": 0.0008118967827127243, "DTNBP1": 0.0041645012327875324, "CLCN3": 0.00644937663928042, "SRPK2": 0.007379200822478502, "NAB2": 0.003314147317328284, "HCN1": 0.0033464673784294107, "IMMP2L": 0.0005158048922778612, "OTUD7B": 0.0008145194413463679, "TAAR6": 0.0, "CHI3L1": 0.0012145967380601287, "CENPM": 0.00010653618410509358, "CSMD1": 0.0004486299177215375, "DISC1": 0.0002303667463601875, "ATP2A2": 0.016300221544898526, "KDM3B": 0.002202953264595247, "CYP26B1": 0.00418941522874035, "CUL3": 0.0023921338215680513, "ADAMTSL3": 0.0001018341344140953, "DPYD": 0.00020971890335225177, "CACNB2": 0.0023771008244294995, "MPHOSPH9": 0.00022837548585672612, "PLCH2": 0.0011021172542306664, "STAG1": 0.0007512945963955152, "CACNA1I": 0.0013889249186902384, "TYW5": 0.0002683133992671541, "VIPR2": 0.0007169152132143513, "NFATC3": 0.0008309770836611008, "ZNF804A": 0.000577014192181784, "PPP3CC": 0.001923455463902588, "KCNN3": 0.0003059926339521273, "RGS4": 0.053366243043211664, "PRKD1": 0.0008048056239589475, "APOE": 0.19083922011609009, "SLC6A3": 1.042301613290191e-06, "AKT1": 0.0030926971419262448, "TCF20": 0.0011820155640709946, "GRM3": 0.014913487639692444, "TSNARE1": 0.0006355120903800111, "MPP6": 0.0008743916501403234, "HTR2A": 0.002619579937225626, "AMBRA1": 0.0014407753014339891, "BCL11B": 0.00035942259293573114, "DAO": 1.6090610624894605e-05, "SLC1A1": 0.004484987667746154, "VRK2": 0.0009159286683107235, "ZDHHC8": 0.002707325577501889, "SDCCAG8": 0.001933924119844409, "TMTC1": 0.0008329937816833885, "NLGN4X": 0.0019192254855595497}