{"GRAMD1B": 0.007298175915306647, "GRIN2A": 0.0056704588341300296, "PAK6": 0.006715277397809993, "NOTCH4": 0.0009382440708877445, "RERE": 0.00716729843829165, "DGKI": 0.0008783955612288113, "CHRNA3": 0.0003596159529871, "GIGYF2": 0.0025319671117817145, "MAN2A1": 0.002190399457801823, "DRD4": 0.0003925017542845893, "PTGIS": 0.0004383893085722922, "COMT": 0.00890842884308865, "C3orf49": 0.00022563410125156372, "DRD3": 0.00011891092928748791, "NRGN": 0.24973582216697995, "TMX2-CTNND1": 0.010744679633307198, "TNF": 1.3384824559756944e-05, "CHRNA7": 0.00010207253373567258, "APOPT1": 0.0037140077261852322, "BDNF": 0.0014265395455064624, "SMG6": 0.004854296271785978, "GALNT10": 0.0018010717383540075, "SATB2": 0.002291273357747183, "NRXN1": 0.009162335355710791, "CACNA1C": 0.0013621382647480767, "AKT3": 0.008906055203409351, "APOL2": 0.006347870765195247, "EPC2": 0.003287928554204672, "MTHFR": 0.0016708994818633318, "CNTN4": 0.0015271026059437939, "RTN4R": 0.006076604375375681, "DAOA": 0.0, "CHRNA5": 0.0001391180089793264, "DRD2": 0.0020921553071090813, "SLC6A4": 2.338479312763816e-05, "RGS6": 0.0012418336708246403, "SHMT2": 0.002443694598477107, "IGSF9B": 0.00021511835910504958, "TCF4": 0.007754927358074522, "NRG1": 0.0004744492833396502, "C10orf32": 0.00907665588402638, "C11orf31": 0.016998388389690873, "MAD1L1": 0.001291598732490943, "SNAP91": 0.027118845391033927, "GPM6A": 0.11935492106078625, "ETF1": 0.008751286422187057, "ZNF536": 0.00482182659279052, "CNNM2": 0.002145679857197862, "DTNBP1": 0.009045467657026395, "CLCN3": 0.0128229645184833, "SRPK2": 0.013544543747958944, "NAB2": 0.005050957563163325, "HCN1": 0.00441683471999235, "IMMP2L": 0.000869346738048145, "OTUD7B": 0.00281961872786894, "TAAR6": 1.2549810910320446e-05, "CHI3L1": 0.002779466967179054, "CENPM": 0.00017445889991291022, "CSMD1": 0.0011101290364373974, "DISC1": 0.000544910819412299, "ATP2A2": 0.024646137296883117, "KDM3B": 0.0056200150730531424, "CYP26B1": 0.004492893657669325, "CUL3": 0.004409986847875411, "ADAMTSL3": 0.00031711428298718264, "DPYD": 0.0009243814847383682, "CACNB2": 0.0034081421324877897, "MPHOSPH9": 0.0007582283948947303, "PLCH2": 0.0019230628340099671, "STAG1": 0.001975583077741803, "CACNA1I": 0.0019703228559334648, "TYW5": 0.0005518499482705907, "VIPR2": 0.0003481903980063747, "NFATC3": 0.0016934683468993812, "ZNF804A": 0.0014126181909800588, "PPP3CC": 0.002331475930479975, "KCNN3": 0.0015659433797615436, "RGS4": 0.03756068042659915, "PRKD1": 0.0012774508032678796, "APOE": 0.2046292947879427, "SLC6A3": 8.404179291126246e-06, "AKT1": 0.004453213852253407, "TCF20": 0.003325144909806143, "GRM3": 0.020418804373064783, "TSNARE1": 0.0014386348008016815, "MPP6": 0.0015595216537221215, "HTR2A": 0.003586541527424421, "AMBRA1": 0.002911258217112745, "BCL11B": 0.002406086453695458, "DAO": 3.4254929683964443e-05, "SLC1A1": 0.007020733722502295, "VRK2": 0.0030439439518824144, "ZDHHC8": 0.003924716166553448, "SDCCAG8": 0.0033048610798194124, "TMTC1": 0.002752663765234149, "NLGN4X": 0.00358265889664885}