{"GRAMD1B": 0.00989334515934872, "GRIN2A": 0.007284501432935591, "PAK6": 0.006513464352111994, "NOTCH4": 0.0009728136258803328, "RERE": 0.006918087396726478, "DGKI": 0.00094276925235904, "CHRNA3": 0.00035990503767068, "GIGYF2": 0.002908190662388456, "MAN2A1": 0.0020880700899492764, "DRD4": 0.0005236614270439166, "PTGIS": 0.0008245078333056124, "COMT": 0.00967966872606028, "C3orf49": 0.0003138466091131687, "DRD3": 6.078457987218816e-05, "NRGN": 0.263630915804876, "TMX2-CTNND1": 0.011643361207221571, "TNF": 3.1611805732446024e-06, "CHRNA7": 8.83244053036612e-05, "APOPT1": 0.004356054499312892, "BDNF": 0.0023582310448136234, "SMG6": 0.0043487514526411, "GALNT10": 0.001772955514444763, "SATB2": 0.0014505596237218824, "NRXN1": 0.009411863077251031, "CACNA1C": 0.0012712305834811249, "AKT3": 0.010138470840706376, "APOL2": 0.007306050725648656, "EPC2": 0.0032648268228768376, "MTHFR": 0.0017587520921499456, "CNTN4": 0.00137346620612188, "RTN4R": 0.006131018894878733, "DAOA": 0.0, "CHRNA5": 0.00014138483598698115, "DRD2": 0.0006706639715734952, "SLC6A4": 3.453692327957184e-05, "RGS6": 0.0008293878229204503, "SHMT2": 0.003354602013619588, "IGSF9B": 0.00017439120661018377, "TCF4": 0.009354773909941577, "NRG1": 0.0005928261877776266, "C10orf32": 0.010273245479889604, "C11orf31": 0.021834786486642985, "MAD1L1": 0.0013906743214329846, "SNAP91": 0.032458009354027206, "GPM6A": 0.12599013376499624, "ETF1": 0.00933716184526091, "ZNF536": 0.004032041085378713, "CNNM2": 0.0026652541053832322, "DTNBP1": 0.005977652997289901, "CLCN3": 0.013223819507222331, "SRPK2": 0.0138587614434869, "NAB2": 0.005793792757261787, "HCN1": 0.0057076729248173004, "IMMP2L": 0.0008828171578088779, "OTUD7B": 0.002491235017954941, "TAAR6": 5.111365677781091e-06, "CHI3L1": 0.0023217865665103718, "CENPM": 0.0002824963030730761, "CSMD1": 0.0012488839381754574, "DISC1": 0.00052301427714411, "ATP2A2": 0.028656014877970364, "KDM3B": 0.005301448783413666, "CYP26B1": 0.004225190243425484, "CUL3": 0.00461934703657396, "ADAMTSL3": 0.0005018053373413126, "DPYD": 0.0007261371496566009, "CACNB2": 0.0032297803801052865, "MPHOSPH9": 0.0006878330981005125, "PLCH2": 0.0021488099496861164, "STAG1": 0.0018351758614042423, "CACNA1I": 0.0032495636726473237, "TYW5": 0.0005662724609208414, "VIPR2": 0.0004292043224926986, "NFATC3": 0.0015621457155273195, "ZNF804A": 0.0017627430096555183, "PPP3CC": 0.002598362774258037, "KCNN3": 0.0014419369025828, "RGS4": 0.03260062521293471, "PRKD1": 0.0014810181731790511, "APOE": 0.16711774667306956, "SLC6A3": 6.255995205208596e-06, "AKT1": 0.004949501503582057, "TCF20": 0.003776272744286063, "GRM3": 0.01704130083964689, "TSNARE1": 0.0014062902882004654, "MPP6": 0.0018524836857369464, "HTR2A": 0.0018052710165971492, "AMBRA1": 0.0028278168818938586, "BCL11B": 0.003589480995106875, "DAO": 8.509174294933545e-05, "SLC1A1": 0.008588443606265804, "VRK2": 0.002262547263632569, "ZDHHC8": 0.00390176038293182, "SDCCAG8": 0.0037084322599744866, "TMTC1": 0.003357071090224973, "NLGN4X": 0.004016989497239902}