{"GRAMD1B": 0.010135028812238548, "GRIN2A": 0.009949052887275687, "PAK6": 0.006308500563030802, "NOTCH4": 0.0006869566191673785, "RERE": 0.006949878863423696, "DGKI": 0.0014451872031860905, "CHRNA3": 3.5651792896789324e-05, "GIGYF2": 0.002426672606360072, "MAN2A1": 0.0016313333269253733, "DRD4": 0.00029178638919450235, "PTGIS": 0.0006385029936424924, "COMT": 0.0048894781944971814, "C3orf49": 0.0004523612390666648, "DRD3": 2.6165662311045608e-05, "NRGN": 0.3985768994878601, "TMX2-CTNND1": 0.010021445953766648, "TNF": 1.3251557077017895e-05, "CHRNA7": 0.00015033372933079473, "APOPT1": 0.002231859055316759, "BDNF": 0.0009730520240123296, "SMG6": 0.00383789701111731, "GALNT10": 0.0009447903880978961, "SATB2": 0.004526387454905495, "NRXN1": 0.01090938458838316, "CACNA1C": 0.001797272764777127, "AKT3": 0.010985606134352005, "APOL2": 0.008319835526351984, "EPC2": 0.003453104289095032, "MTHFR": 0.0016577465088006198, "CNTN4": 0.0019267117146257336, "RTN4R": 0.008598724194675415, "DAOA": 0.0, "CHRNA5": 0.00010246333747763416, "DRD2": 0.00026461972522152027, "SLC6A4": 1.9606040106442817e-05, "RGS6": 0.0024779964743777173, "SHMT2": 0.001956224917271831, "IGSF9B": 0.0006345499930061233, "TCF4": 0.008158637226644472, "NRG1": 0.0004908356952591745, "C10orf32": 0.0041312555544120244, "C11orf31": 0.011899749323288763, "MAD1L1": 0.0012567566027545944, "SNAP91": 0.02901286392102308, "GPM6A": 0.09216725484597962, "ETF1": 0.006990448035595613, "ZNF536": 0.0030775205720469283, "CNNM2": 0.0022711984072751198, "DTNBP1": 0.004012514104087546, "CLCN3": 0.010345498863327987, "SRPK2": 0.013909708496617306, "NAB2": 0.005160249155718622, "HCN1": 0.007353992721340408, "IMMP2L": 0.000491529498556075, "OTUD7B": 0.001836414511388296, "TAAR6": 0.0, "CHI3L1": 0.0015507451992794255, "CENPM": 0.00014430190058212957, "CSMD1": 0.0016578468009617574, "DISC1": 0.0003076082223577541, "ATP2A2": 0.030519713922450082, "KDM3B": 0.004683710455576727, "CYP26B1": 0.005122946926221391, "CUL3": 0.003922176684686483, "ADAMTSL3": 0.0002354645457308511, "DPYD": 0.000461377851900042, "CACNB2": 0.004971683508416682, "MPHOSPH9": 0.0006589080792705702, "PLCH2": 0.002708677282620636, "STAG1": 0.0013761405187053704, "CACNA1I": 0.00350961852469948, "TYW5": 0.00040434060757013634, "VIPR2": 0.0005532335556018931, "NFATC3": 0.0010248145957605754, "ZNF804A": 0.00130228129997758, "PPP3CC": 0.0023116320360807466, "KCNN3": 0.0007783413965581446, "RGS4": 0.07640200880392263, "PRKD1": 0.000912528584441608, "APOE": 0.05809476062464315, "SLC6A3": 1.6397604502393506e-06, "AKT1": 0.0036909953093304006, "TCF20": 0.0036545192489229376, "GRM3": 0.016651269195694946, "TSNARE1": 0.0015594482749852858, "MPP6": 0.0017463829334291186, "HTR2A": 0.006213393407324698, "AMBRA1": 0.0028767361619449878, "BCL11B": 0.00079674192985267, "DAO": 5.26333609198036e-05, "SLC1A1": 0.006650384127953233, "VRK2": 0.0012851333264064125, "ZDHHC8": 0.00424694703074705, "SDCCAG8": 0.002469151798056231, "TMTC1": 0.0016281146436470375, "NLGN4X": 0.0033976308080855204}