{"GRAMD1B": 0.005206992121500715, "GRIN2A": 0.001793424161234285, "PAK6": 0.005016086775596211, "NOTCH4": 0.0009394203928115981, "RERE": 0.005695425535947618, "DGKI": 0.0011007712850166034, "CHRNA3": 0.000486785186791225, "GIGYF2": 0.0028263378172349737, "MAN2A1": 0.002647203070265728, "DRD4": 0.00048509063421928514, "PTGIS": 0.0007156690509769003, "COMT": 0.00908628630210292, "C3orf49": 0.00024420822300967544, "DRD3": 0.0012802654559982895, "NRGN": 0.308729154369274, "TMX2-CTNND1": 0.011467357608248355, "TNF": 1.816240984695964e-05, "CHRNA7": 2.8702244924538286e-05, "APOPT1": 0.002615823401556907, "BDNF": 0.00021491483910400736, "SMG6": 0.004800793474014956, "GALNT10": 0.0017986599747290527, "SATB2": 0.00030731391597792375, "NRXN1": 0.0036177691227525953, "CACNA1C": 0.0008849356591822356, "AKT3": 0.005662336547698696, "APOL2": 0.002695018823700764, "EPC2": 0.0024828264190759515, "MTHFR": 0.0014232756589622913, "CNTN4": 0.0008654458120205523, "RTN4R": 0.00099651637890303, "DAOA": 0.0, "CHRNA5": 0.0001340824627728434, "DRD2": 0.015839665126069755, "SLC6A4": 1.8151409758811394e-05, "RGS6": 0.0005470580562321522, "SHMT2": 0.0020746630938511586, "IGSF9B": 0.0001904291763378901, "TCF4": 0.00555942913436126, "NRG1": 0.0001952855292126127, "C10orf32": 0.0058092143693451925, "C11orf31": 0.01273413390352351, "MAD1L1": 0.001829722733099782, "SNAP91": 0.010051614045738028, "GPM6A": 0.060040041543018924, "ETF1": 0.00808372006880168, "ZNF536": 0.0054719613265242295, "CNNM2": 0.0023175328628222487, "DTNBP1": 0.010485881023203098, "CLCN3": 0.0125881832456308, "SRPK2": 0.010326746562531516, "NAB2": 0.004521317372482584, "HCN1": 0.0013857172090772946, "IMMP2L": 0.0007039700410611494, "OTUD7B": 0.003974495931545731, "TAAR6": 1.9469329781964383e-06, "CHI3L1": 0.0038825148546943055, "CENPM": 0.00014009433229238678, "CSMD1": 0.0007407802720149352, "DISC1": 0.0005368163348002235, "ATP2A2": 0.026824571965987747, "KDM3B": 0.005556854480468418, "CYP26B1": 0.000889143385595951, "CUL3": 0.003283508290227943, "ADAMTSL3": 0.00024309074669590121, "DPYD": 0.0007458940902789421, "CACNB2": 0.003116602178833085, "MPHOSPH9": 0.0007552580560255426, "PLCH2": 0.0012946577507418936, "STAG1": 0.0019093656559310227, "CACNA1I": 0.002046817127906097, "TYW5": 0.0004236025425585552, "VIPR2": 0.00014750997875135027, "NFATC3": 0.002000114580951759, "ZNF804A": 0.0011517564190944426, "PPP3CC": 0.0019177045844773395, "KCNN3": 0.0016240078316093788, "RGS4": 0.015424531880597296, "PRKD1": 0.0016363432684630605, "APOE": 0.2532747754741551, "SLC6A3": 1.0970883044522947e-05, "AKT1": 0.004360804920227175, "TCF20": 0.0031646200561845413, "GRM3": 0.0337413189287526, "TSNARE1": 0.0012979006057850413, "MPP6": 0.0018690334781175327, "HTR2A": 0.0005505399110228372, "AMBRA1": 0.003146260883002506, "BCL11B": 0.005551848960697903, "DAO": 4.928764252988542e-05, "SLC1A1": 0.00636083854070761, "VRK2": 0.0026048183226946783, "ZDHHC8": 0.003341677834350075, "SDCCAG8": 0.00297321120269126, "TMTC1": 0.0035884398057062297, "NLGN4X": 0.003062857179921157}