{"GRAMD1B": 0.013005860911547049, "GRIN2A": 0.012498961068389429, "PAK6": 0.005656509217712897, "NOTCH4": 0.000774398660197076, "RERE": 0.007946301747948952, "DGKI": 0.001243390362599232, "CHRNA3": 0.00014109900912229341, "GIGYF2": 0.002419279820306487, "MAN2A1": 0.0017039615485232185, "DRD4": 0.0004515539982100368, "PTGIS": 0.0007010634563090504, "COMT": 0.004045989122201979, "C3orf49": 0.0006057718662176468, "DRD3": 8.930500559048859e-06, "NRGN": 0.4249422055952514, "TMX2-CTNND1": 0.009675984744075841, "TNF": 1.0234052314091783e-05, "CHRNA7": 0.00010648193859850816, "APOPT1": 0.0025067694650683183, "BDNF": 0.0008737196314698528, "SMG6": 0.0036872437100792244, "GALNT10": 0.0005362629623750099, "SATB2": 0.005000001235418693, "NRXN1": 0.009973549809477992, "CACNA1C": 0.0018022396378365672, "AKT3": 0.012015944803763088, "APOL2": 0.012494011789481252, "EPC2": 0.0039867174137164785, "MTHFR": 0.0015637257609644655, "CNTN4": 0.0017098291029424332, "RTN4R": 0.007844977137430383, "DAOA": 0.0, "CHRNA5": 0.00012612646456088998, "DRD2": 0.0001838512889267145, "SLC6A4": 3.1554022995465886e-05, "RGS6": 0.0026766157597485057, "SHMT2": 0.002006047222317851, "IGSF9B": 0.0003192779164639269, "TCF4": 0.007933241390219633, "NRG1": 0.0005129599343103516, "C10orf32": 0.0044954878744272245, "C11orf31": 0.012872226325486884, "MAD1L1": 0.0013195858370450484, "SNAP91": 0.038540972194513815, "GPM6A": 0.07576092339797365, "ETF1": 0.00722903448531345, "ZNF536": 0.002639591422419091, "CNNM2": 0.002456431096019453, "DTNBP1": 0.003068141792761455, "CLCN3": 0.010381192353331582, "SRPK2": 0.01526653061327579, "NAB2": 0.006442215228729072, "HCN1": 0.010531652358521356, "IMMP2L": 0.0005610333859868981, "OTUD7B": 0.0014621106724356135, "TAAR6": 0.0, "CHI3L1": 0.0015110199707846787, "CENPM": 0.00011982364937443557, "CSMD1": 0.0015587573196325743, "DISC1": 0.0001813361447727633, "ATP2A2": 0.03849710139693995, "KDM3B": 0.004136914822729418, "CYP26B1": 0.004591205701710678, "CUL3": 0.0043538902367344, "ADAMTSL3": 0.00015209895005407158, "DPYD": 0.0004054025680486453, "CACNB2": 0.003999797035257996, "MPHOSPH9": 0.0007319787318473513, "PLCH2": 0.0018777395872734703, "STAG1": 0.001688822422680526, "CACNA1I": 0.0034793504738072447, "TYW5": 0.00037004140743150535, "VIPR2": 0.0016404987442223472, "NFATC3": 0.00111867289381806, "ZNF804A": 0.0013507607684941113, "PPP3CC": 0.003295237805365519, "KCNN3": 0.0002125770801257331, "RGS4": 0.08466857656881062, "PRKD1": 0.0007818271917354198, "APOE": 0.01986341863264311, "SLC6A3": 3.6166286578623536e-06, "AKT1": 0.0037578288526929405, "TCF20": 0.0031785492907324252, "GRM3": 0.010518538264894848, "TSNARE1": 0.001593275941937168, "MPP6": 0.0011287230274198822, "HTR2A": 0.007983164978975284, "AMBRA1": 0.002497175579650185, "BCL11B": 0.0007878216845381852, "DAO": 2.3630310095091395e-05, "SLC1A1": 0.007051000867671201, "VRK2": 0.001513786862547541, "ZDHHC8": 0.004211302540482972, "SDCCAG8": 0.0028404273103972786, "TMTC1": 0.001249371269344972, "NLGN4X": 0.003806625102880936}