{"GRAMD1B": 0.004253067131715546, "GRIN2A": 0.0031433347824262768, "PAK6": 0.003992691584990757, "NOTCH4": 0.0008413803715557272, "RERE": 0.005131616836438296, "DGKI": 0.00040629008845430325, "CHRNA3": 0.00034509615369796465, "GIGYF2": 0.002183798462971487, "MAN2A1": 0.001075492219636342, "DRD4": 0.0005179500583146313, "PTGIS": 0.0002449185005847001, "COMT": 0.009525783917809515, "C3orf49": 0.00013465922441643303, "DRD3": 2.2066735245320105e-06, "NRGN": 0.26631713387366085, "TMX2-CTNND1": 0.009487308243408585, "TNF": 3.2168738431283168e-06, "CHRNA7": 8.655231779046142e-05, "APOPT1": 0.004259392017296834, "BDNF": 0.0011389787430011455, "SMG6": 0.0034816686073863125, "GALNT10": 0.001848183498445512, "SATB2": 0.0008588273739398451, "NRXN1": 0.006595394833625349, "CACNA1C": 0.0007649689704210357, "AKT3": 0.005917977396171175, "APOL2": 0.005272226656524698, "EPC2": 0.00233177985190826, "MTHFR": 0.0010420889333855713, "CNTN4": 0.0009986822737184234, "RTN4R": 0.004837646279267774, "DAOA": 0.0, "CHRNA5": 9.432796676826972e-05, "DRD2": 0.0007457264533386448, "SLC6A4": 1.2352709367271235e-05, "RGS6": 0.0006489528356302006, "SHMT2": 0.003003177854138996, "IGSF9B": 0.00019122551076934696, "TCF4": 0.005773955791198057, "NRG1": 0.0005358694771665441, "C10orf32": 0.005718576182001463, "C11orf31": 0.017187601057974133, "MAD1L1": 0.0011245841810217966, "SNAP91": 0.01869124712023786, "GPM6A": 0.12413960467036884, "ETF1": 0.00693617377108753, "ZNF536": 0.002307821372521616, "CNNM2": 0.0014630755116853045, "DTNBP1": 0.005661843432751717, "CLCN3": 0.009100412843681174, "SRPK2": 0.008341265545731292, "NAB2": 0.004523621170019038, "HCN1": 0.0022675265827275443, "IMMP2L": 0.0005916302702940647, "OTUD7B": 0.0021657628018911337, "TAAR6": 1.1545052325504324e-05, "CHI3L1": 0.0020629105710975003, "CENPM": 0.0002250402743802755, "CSMD1": 0.0005370573117130182, "DISC1": 0.0005255652326316177, "ATP2A2": 0.015494772026955091, "KDM3B": 0.0036445234662193507, "CYP26B1": 0.009584049454192731, "CUL3": 0.003291692574769431, "ADAMTSL3": 0.00013926110830861897, "DPYD": 0.0004073792932311908, "CACNB2": 0.0017978943930710453, "MPHOSPH9": 0.00037515005348767613, "PLCH2": 0.0012313051142061485, "STAG1": 0.0014515323061519145, "CACNA1I": 0.0013425041408575927, "TYW5": 0.00032571641040043985, "VIPR2": 0.00025480034803497905, "NFATC3": 0.0017053031808061784, "ZNF804A": 0.0007618343553153818, "PPP3CC": 0.0020249577351179977, "KCNN3": 0.0007651853520583939, "RGS4": 0.016815735627420243, "PRKD1": 0.0012189104720904096, "APOE": 0.30672997846979666, "SLC6A3": 0.0, "AKT1": 0.004128581769317202, "TCF20": 0.0018846171340455163, "GRM3": 0.014152979429435232, "TSNARE1": 0.0008092069381461267, "MPP6": 0.0012804408551321846, "HTR2A": 0.0014735686624217756, "AMBRA1": 0.0018419049084703555, "BCL11B": 0.002053749324820935, "DAO": 0.00011643252854307869, "SLC1A1": 0.005503197448371849, "VRK2": 0.001769358184021502, "ZDHHC8": 0.0028874463870045644, "SDCCAG8": 0.0028212522248580564, "TMTC1": 0.0014052376058030789, "NLGN4X": 0.0027277949828306467}