{"GRAMD1B": 0.030258920056631305, "GRIN2A": 0.005492810720876125, "PAK6": 0.0023505067180645783, "NOTCH4": 0.0012219487394740257, "RERE": 0.013988919071300818, "DGKI": 0.0010421145922434318, "CHRNA3": 0.0036824132405071357, "GIGYF2": 0.004378308080092741, "MAN2A1": 0.00040364819587391073, "DRD4": 0.001107232177007452, "PTGIS": 0.00022970230224044405, "COMT": 0.014139073361568853, "C3orf49": 0.00048174685628234014, "DRD3": 2.9107342830017283e-06, "NRGN": 0.0018920748224896052, "TMX2-CTNND1": 0.0186193308173839, "TNF": 0.0, "CHRNA7": 2.5784945443875213e-05, "APOPT1": 0.004420744035529802, "BDNF": 0.001962865777829871, "SMG6": 0.007744834485758106, "GALNT10": 0.0012919891336577215, "SATB2": 0.0001383533124094822, "NRXN1": 0.013094217290215588, "CACNA1C": 0.002062753882439056, "AKT3": 0.009080364578287672, "APOL2": 0.008975126192341828, "EPC2": 0.0077724603363360035, "MTHFR": 0.0021337241618661425, "CNTN4": 0.0030227380429181964, "RTN4R": 0.02294852321539401, "DAOA": 0.0, "CHRNA5": 0.00027848495387612274, "DRD2": 0.00014799766003496882, "SLC6A4": 4.53721827993053e-05, "RGS6": 0.0009874844459608503, "SHMT2": 0.010240004124080205, "IGSF9B": 0.002247953375759021, "TCF4": 0.0165977916512917, "NRG1": 0.0006170258885475144, "C10orf32": 0.005343255961883433, "C11orf31": 0.016011247416316692, "MAD1L1": 0.002130293680614621, "SNAP91": 0.043015910180965095, "GPM6A": 0.171783757500932, "ETF1": 0.007615450436522743, "ZNF536": 0.006083599086690623, "CNNM2": 0.0034435210567597464, "DTNBP1": 0.0032261672634915635, "CLCN3": 0.011535234091341124, "SRPK2": 0.013777419884466348, "NAB2": 0.03533945437834308, "HCN1": 0.006934723202907554, "IMMP2L": 0.0009313323008296504, "OTUD7B": 0.00229712014035338, "TAAR6": 0.0, "CHI3L1": 0.0004200105055579377, "CENPM": 0.0004553172388345706, "CSMD1": 0.0009867799202414953, "DISC1": 0.000344738359817781, "ATP2A2": 0.03003063628821199, "KDM3B": 0.009257145245438615, "CYP26B1": 0.05194017103872686, "CUL3": 0.005777764724272365, "ADAMTSL3": 0.00019172589595953439, "DPYD": 0.0001450318919926652, "CACNB2": 0.004468689713975602, "MPHOSPH9": 0.0015399754574379825, "PLCH2": 0.015320289150899426, "STAG1": 0.004918169934666424, "CACNA1I": 0.0008366328947019232, "TYW5": 0.0005906280064925088, "VIPR2": 0.00022824989184342797, "NFATC3": 0.002457688227697478, "ZNF804A": 0.0012065648740078585, "PPP3CC": 0.004725262335033689, "KCNN3": 0.0005518444506438371, "RGS4": 0.0009787829836191632, "PRKD1": 0.001193931358267332, "APOE": 0.2379566396628789, "SLC6A3": 2.1891050987177702e-06, "AKT1": 0.0078534238232965, "TCF20": 0.004506984009479932, "GRM3": 0.012013367930510431, "TSNARE1": 0.002013614494400382, "MPP6": 0.0015897107061523545, "HTR2A": 0.0001231916711634876, "AMBRA1": 0.004844288410895927, "BCL11B": 2.4568799310673262e-05, "DAO": 0.015240687609348862, "SLC1A1": 0.0031505766167613802, "VRK2": 0.0010554419277876822, "ZDHHC8": 0.00549496949229232, "SDCCAG8": 0.0033954346719942217, "TMTC1": 0.0006282558587487988, "NLGN4X": 0.004930516149513907}