{"GRAMD1B": 0.003876235951683689, "GRIN2A": 0.00484574700036566, "PAK6": 0.003286069084337716, "NOTCH4": 0.0008309196445308952, "RERE": 0.0035558387500031078, "DGKI": 0.0005145848508272059, "CHRNA3": 0.00010604666182465241, "GIGYF2": 0.001401008039746001, "MAN2A1": 0.0007420055225172309, "DRD4": 0.0005574052666231316, "PTGIS": 0.0004060900502278235, "COMT": 0.00683044376232906, "C3orf49": 0.0001787432629562772, "DRD3": 2.1029089255544016e-06, "NRGN": 0.3272476810519088, "TMX2-CTNND1": 0.00961911923634882, "TNF": 1.0010939132299642e-05, "CHRNA7": 8.407778020190836e-05, "APOPT1": 0.0029373291804141105, "BDNF": 0.0006938211851189952, "SMG6": 0.002051337674105543, "GALNT10": 0.0009954617701202564, "SATB2": 0.002216692165051276, "NRXN1": 0.006890998472742525, "CACNA1C": 0.0005527942105357644, "AKT3": 0.0049818614239385255, "APOL2": 0.00347518340939817, "EPC2": 0.002032087404895677, "MTHFR": 0.0006191550593217248, "CNTN4": 0.0011570906556103045, "RTN4R": 0.004148461166360472, "DAOA": 4.464812887369477e-06, "CHRNA5": 7.612172875562083e-05, "DRD2": 0.000272474910592527, "SLC6A4": 1.737489813944988e-05, "RGS6": 0.001116526802176592, "SHMT2": 0.002701208164389581, "IGSF9B": 0.00013451083382942216, "TCF4": 0.00554187734599729, "NRG1": 0.0003517701821725447, "C10orf32": 0.004390435906100765, "C11orf31": 0.01362338228273117, "MAD1L1": 0.0007907645165036353, "SNAP91": 0.016819606243262886, "GPM6A": 0.14406829553778375, "ETF1": 0.005999885185211971, "ZNF536": 0.001304499878141782, "CNNM2": 0.001116928262645141, "DTNBP1": 0.004127286051853068, "CLCN3": 0.00826767369272135, "SRPK2": 0.00819432324717841, "NAB2": 0.0036205777014021055, "HCN1": 0.0033885036190367352, "IMMP2L": 0.0005360355970786705, "OTUD7B": 0.0009631883732245313, "TAAR6": 6.843208258225552e-06, "CHI3L1": 0.0012400434601778515, "CENPM": 9.779274792432032e-05, "CSMD1": 0.0004671326738708874, "DISC1": 0.0002784078947808198, "ATP2A2": 0.017944294912576573, "KDM3B": 0.0027361823019509427, "CYP26B1": 0.003885339645370597, "CUL3": 0.0027522494386183786, "ADAMTSL3": 9.75287400809062e-05, "DPYD": 0.0002563819833955332, "CACNB2": 0.002206391427546005, "MPHOSPH9": 0.00030774385933401266, "PLCH2": 0.0009248462104510963, "STAG1": 0.001053311380905342, "CACNA1I": 0.0011501838791454224, "TYW5": 0.00029193179463636907, "VIPR2": 0.0005063599966784879, "NFATC3": 0.0010523785628785292, "ZNF804A": 0.0006652247185950023, "PPP3CC": 0.0018181978253497253, "KCNN3": 0.00037292865997215046, "RGS4": 0.05063081141244498, "PRKD1": 0.0009901674466230622, "APOE": 0.22321507178705344, "SLC6A3": 2.642257915512112e-07, "AKT1": 0.0034620476751748065, "TCF20": 0.00116991072828176, "GRM3": 0.01831239841874134, "TSNARE1": 0.0007810836235002932, "MPP6": 0.0009549266858406423, "HTR2A": 0.002342451582032733, "AMBRA1": 0.001497056330780927, "BCL11B": 0.0004590451270485462, "DAO": 8.569139555966034e-06, "SLC1A1": 0.004715899675475267, "VRK2": 0.001025397309998627, "ZDHHC8": 0.002514170158581955, "SDCCAG8": 0.001976848086299328, "TMTC1": 0.00099146663546835, "NLGN4X": 0.002254200894148419}