{"GRAMD1B": 0.0035783259670277992, "GRIN2A": 0.004380099452410953, "PAK6": 0.0037264298945434713, "NOTCH4": 0.0007274993636109001, "RERE": 0.0037501125951246734, "DGKI": 0.00045295297655696063, "CHRNA3": 0.00016869486794210772, "GIGYF2": 0.0013689172254548075, "MAN2A1": 0.000654571314812187, "DRD4": 0.00030196018419908084, "PTGIS": 0.00039527527444383924, "COMT": 0.0070270413584020905, "C3orf49": 0.00022153736167055223, "DRD3": 5.719362539708506e-06, "NRGN": 0.22127942830227929, "TMX2-CTNND1": 0.008847826055050625, "TNF": 3.567189886402427e-06, "CHRNA7": 5.486982554445701e-05, "APOPT1": 0.0032022358031982266, "BDNF": 0.0008395149473173637, "SMG6": 0.0020381312818879603, "GALNT10": 0.0014540313458419065, "SATB2": 0.002290063565781216, "NRXN1": 0.008463478793170005, "CACNA1C": 0.0004983187625765708, "AKT3": 0.006156808462230462, "APOL2": 0.0032131877493789818, "EPC2": 0.002319428493192333, "MTHFR": 0.0005459022684794574, "CNTN4": 0.0011024438020073024, "RTN4R": 0.003394581022735252, "DAOA": 0.0, "CHRNA5": 9.836045123247372e-05, "DRD2": 0.0003461778514237665, "SLC6A4": 9.747158755915213e-06, "RGS6": 0.0007977108696136871, "SHMT2": 0.003194882392222329, "IGSF9B": 0.00019303890841957438, "TCF4": 0.007209267676059163, "NRG1": 0.0003442008574098044, "C10orf32": 0.005491717550457582, "C11orf31": 0.012200968335173156, "MAD1L1": 0.0006045967633119088, "SNAP91": 0.02042605710289537, "GPM6A": 0.19831017187477326, "ETF1": 0.006604110788891618, "ZNF536": 0.0006939556265774247, "CNNM2": 0.0007319911631864973, "DTNBP1": 0.005120567362493336, "CLCN3": 0.00904800760420132, "SRPK2": 0.009131794566893251, "NAB2": 0.002986625177282577, "HCN1": 0.0031033471138650955, "IMMP2L": 0.0005208865426065337, "OTUD7B": 0.000823875023102407, "TAAR6": 0.0, "CHI3L1": 0.0017007248696766849, "CENPM": 0.00015292052944284175, "CSMD1": 0.0004336993849144447, "DISC1": 0.00040207087772063655, "ATP2A2": 0.01808424527293856, "KDM3B": 0.002972439876577484, "CYP26B1": 0.0046276880935417, "CUL3": 0.0033633075051332033, "ADAMTSL3": 0.0001090442636915712, "DPYD": 0.0002898719316217351, "CACNB2": 0.0023175967993984, "MPHOSPH9": 0.0003188257412477021, "PLCH2": 0.0009758110316069877, "STAG1": 0.0012669519081896115, "CACNA1I": 0.001010435641690624, "TYW5": 0.00036133045630353634, "VIPR2": 0.0005209797293045012, "NFATC3": 0.0008866158434033533, "ZNF804A": 0.000755012215050567, "PPP3CC": 0.002214220170750565, "KCNN3": 0.0005090917470623066, "RGS4": 0.0516947744705225, "PRKD1": 0.0011598555321448662, "APOE": 0.2599972953622487, "SLC6A3": 2.1485440080662535e-06, "AKT1": 0.003430561356444661, "TCF20": 0.001080445719279992, "GRM3": 0.01870423405451085, "TSNARE1": 0.0006521362622406104, "MPP6": 0.00115695570416172, "HTR2A": 0.0027258620833642898, "AMBRA1": 0.0012546569772440314, "BCL11B": 0.0005002476577398009, "DAO": 4.547989533161997e-05, "SLC1A1": 0.005544115959772849, "VRK2": 0.001049802196255752, "ZDHHC8": 0.0020719371306360994, "SDCCAG8": 0.00207485201363673, "TMTC1": 0.0014564949643440946, "NLGN4X": 0.0029660125421899198}