{"GRAMD1B": 0.0036144446537424023, "GRIN2A": 0.003273627347505709, "PAK6": 0.003090999375082, "NOTCH4": 0.0007346789254534891, "RERE": 0.0031272280083977353, "DGKI": 0.00035309770290987513, "CHRNA3": 0.00013022310137687023, "GIGYF2": 0.0014261600347056866, "MAN2A1": 0.000628229499014809, "DRD4": 0.0006135120209701688, "PTGIS": 0.00032258684818449516, "COMT": 0.0077044397210792905, "C3orf49": 0.0001687888967067489, "DRD3": 8.178144178737399e-06, "NRGN": 0.3475312133441825, "TMX2-CTNND1": 0.008159016858798156, "TNF": 9.81476941115508e-06, "CHRNA7": 7.897938206368488e-05, "APOPT1": 0.003067108929446319, "BDNF": 0.0005220364436913079, "SMG6": 0.0020831070842072287, "GALNT10": 0.001139963096252352, "SATB2": 0.0017180000744410405, "NRXN1": 0.0054346058031987145, "CACNA1C": 0.0003751475416860397, "AKT3": 0.0043094355265637825, "APOL2": 0.0034575513348264176, "EPC2": 0.0016505296857407235, "MTHFR": 0.0005550943330347347, "CNTN4": 0.0009405963589949564, "RTN4R": 0.004275376940311893, "DAOA": 0.0, "CHRNA5": 7.5080411970605e-05, "DRD2": 0.00014392495404363606, "SLC6A4": 9.921663545160253e-06, "RGS6": 0.0009726183803755248, "SHMT2": 0.0032508885266530644, "IGSF9B": 0.00010574950147947044, "TCF4": 0.004508312106582014, "NRG1": 0.00037320334453410915, "C10orf32": 0.003984863681405809, "C11orf31": 0.014705979277452982, "MAD1L1": 0.0008576563001672124, "SNAP91": 0.012552178723526977, "GPM6A": 0.11488142451995602, "ETF1": 0.005433409427968736, "ZNF536": 0.0010652148165051485, "CNNM2": 0.000920198895510856, "DTNBP1": 0.003920440518451981, "CLCN3": 0.006962694070750423, "SRPK2": 0.006305757509634882, "NAB2": 0.0034282936324605733, "HCN1": 0.002280667371782189, "IMMP2L": 0.00040449963952590267, "OTUD7B": 0.0010114181366358249, "TAAR6": 4.554057202130356e-06, "CHI3L1": 0.0016593014725671822, "CENPM": 0.00011808087170862298, "CSMD1": 0.00033816349984914417, "DISC1": 0.00029479975738129857, "ATP2A2": 0.01611491213815015, "KDM3B": 0.0027681815376764504, "CYP26B1": 0.0018481616439533644, "CUL3": 0.002295113375435807, "ADAMTSL3": 0.00013430238430597023, "DPYD": 0.00021356843143973702, "CACNB2": 0.0019923891879331627, "MPHOSPH9": 0.0002601498359266066, "PLCH2": 0.0008362960028481152, "STAG1": 0.0009202737126643381, "CACNA1I": 0.0011926081513386404, "TYW5": 0.00026342553368150905, "VIPR2": 0.0004833726518748825, "NFATC3": 0.0010597640022998347, "ZNF804A": 0.0004179401565747819, "PPP3CC": 0.001819346201863945, "KCNN3": 0.0003784900854210625, "RGS4": 0.04481229240976286, "PRKD1": 0.0010529636824289123, "APOE": 0.2596423728505362, "SLC6A3": 0.0, "AKT1": 0.003256161387909208, "TCF20": 0.0010445327681475232, "GRM3": 0.01953355610587588, "TSNARE1": 0.0007822101931379992, "MPP6": 0.0009818545230115849, "HTR2A": 0.0016932798226661572, "AMBRA1": 0.0013925881095642944, "BCL11B": 0.0005461951997215667, "DAO": 8.0448542732935e-06, "SLC1A1": 0.0038175183362258217, "VRK2": 0.0007757710233584173, "ZDHHC8": 0.0024280522695614985, "SDCCAG8": 0.0018567827476342594, "TMTC1": 0.0008183926775553245, "NLGN4X": 0.0019525130435787497}