{"GRAMD1B": 0.00879690844192358, "GRIN2A": 0.0017000160444415634, "PAK6": 0.001809391330442861, "NOTCH4": 0.0016246651669268814, "RERE": 0.005412933172787418, "DGKI": 0.0012168201861474082, "CHRNA3": 0.006711484269757842, "GIGYF2": 0.0026336276528894182, "MAN2A1": 0.0012593875724320578, "DRD4": 0.0004149918928329583, "PTGIS": 0.0002707143542617924, "COMT": 0.013468512638656716, "C3orf49": 0.00023238760309922466, "DRD3": 4.1972639137138624e-05, "NRGN": 0.022598394905947, "TMX2-CTNND1": 0.015419986965124397, "TNF": 2.382055902038911e-05, "CHRNA7": 5.1134945611545943e-05, "APOPT1": 0.005283397379383123, "BDNF": 0.0017493728178732766, "SMG6": 0.004664473997142155, "GALNT10": 0.002086856775277713, "SATB2": 0.0002567025445019009, "NRXN1": 0.010576734275941371, "CACNA1C": 0.001707261269078136, "AKT3": 0.008698828615399586, "APOL2": 0.008870669267337409, "EPC2": 0.002553047872125629, "MTHFR": 0.0015506499331769158, "CNTN4": 0.00446966284359927, "RTN4R": 0.003996185925039865, "DAOA": 0.0, "CHRNA5": 0.0006195192593403969, "DRD2": 0.006538217780887195, "SLC6A4": 1.6502034335203418e-05, "RGS6": 0.0012489180604439113, "SHMT2": 0.0048476649146084174, "IGSF9B": 0.0003069499500954667, "TCF4": 0.0031200841329171967, "NRG1": 0.0008744677598573232, "C10orf32": 0.00629600480605515, "C11orf31": 0.01987341842155457, "MAD1L1": 0.001150960904747951, "SNAP91": 0.03301931287203758, "GPM6A": 0.06871860104754178, "ETF1": 0.010277627207087022, "ZNF536": 0.0022844190572640336, "CNNM2": 0.002764204761265294, "DTNBP1": 0.01434826275457845, "CLCN3": 0.010741701843096016, "SRPK2": 0.015047299051221682, "NAB2": 0.0038237011328467172, "HCN1": 0.0008922384527836332, "IMMP2L": 0.0006239220324135119, "OTUD7B": 0.0028708566601576817, "TAAR6": 0.0, "CHI3L1": 0.008388406668133768, "CENPM": 0.000277692314821838, "CSMD1": 0.00031302624962164084, "DISC1": 0.00044669164514812414, "ATP2A2": 0.045467722510757064, "KDM3B": 0.004278773367493214, "CYP26B1": 0.0007071394727963473, "CUL3": 0.004459033852768498, "ADAMTSL3": 8.447033377651669e-05, "DPYD": 0.00033140359817077065, "CACNB2": 0.0034581840156098914, "MPHOSPH9": 0.0005193443734021363, "PLCH2": 0.003442545345734557, "STAG1": 0.0013801334224992489, "CACNA1I": 0.0008574142819211852, "TYW5": 0.0004928121550911629, "VIPR2": 0.0004424776687719035, "NFATC3": 0.0017201954971461893, "ZNF804A": 0.0012857515158675064, "PPP3CC": 0.004312866114389269, "KCNN3": 0.0017132078609499554, "RGS4": 0.0044838264864193456, "PRKD1": 0.0014098416853044386, "APOE": 0.4962302258136668, "SLC6A3": 7.14544602544832e-05, "AKT1": 0.004955671402567149, "TCF20": 0.002034802529203245, "GRM3": 0.00921048166997362, "TSNARE1": 0.0011132868192264404, "MPP6": 0.0011515170846742927, "HTR2A": 0.0003601835411962279, "AMBRA1": 0.002772393191275734, "BCL11B": 6.834742875776923e-05, "DAO": 0.00025971189064033544, "SLC1A1": 0.013567438914192695, "VRK2": 0.0016505539216004454, "ZDHHC8": 0.0037284631015668, "SDCCAG8": 0.0033360551585239154, "TMTC1": 0.0036288229941302203, "NLGN4X": 0.005921299217529135}