{"GRAMD1B": 0.004237625248135818, "GRIN2A": 0.004368615927234611, "PAK6": 0.005079548803040861, "NOTCH4": 0.0008500634294347963, "RERE": 0.0037914366465186962, "DGKI": 0.0004188244802198891, "CHRNA3": 0.00013136067339559966, "GIGYF2": 0.0016376661293486233, "MAN2A1": 0.0006847517290737295, "DRD4": 0.0005799824801101867, "PTGIS": 0.0007160724249862039, "COMT": 0.006809545805034217, "C3orf49": 0.00021337886358271292, "DRD3": 7.867687896910235e-05, "NRGN": 0.3322569483114162, "TMX2-CTNND1": 0.010809162260364031, "TNF": 2.9750387573256764e-05, "CHRNA7": 0.00011620645136561004, "APOPT1": 0.0030393455175630217, "BDNF": 0.0008721043618792004, "SMG6": 0.0023244788799076433, "GALNT10": 0.0012613552198484609, "SATB2": 0.0023311322968766865, "NRXN1": 0.00668010034472055, "CACNA1C": 0.0005797766844658087, "AKT3": 0.005721032654678759, "APOL2": 0.0037614180678131382, "EPC2": 0.002038377834325901, "MTHFR": 0.0007645654100464829, "CNTN4": 0.0012539132990572995, "RTN4R": 0.004243055188105882, "DAOA": 1.5788795088744082e-05, "CHRNA5": 7.656353284657111e-05, "DRD2": 0.00017881526617791684, "SLC6A4": 2.4540583263216915e-05, "RGS6": 0.001156999663916425, "SHMT2": 0.002654891230628521, "IGSF9B": 0.00018025881315745915, "TCF4": 0.005632185420643964, "NRG1": 0.0004277220767977191, "C10orf32": 0.004013109643791831, "C11orf31": 0.013992755199428364, "MAD1L1": 0.0008629593726650441, "SNAP91": 0.01866214014733198, "GPM6A": 0.14001586897613685, "ETF1": 0.006249553525665362, "ZNF536": 0.0010991878142156439, "CNNM2": 0.001018698948384102, "DTNBP1": 0.004560672741966409, "CLCN3": 0.0077113029110213605, "SRPK2": 0.008776917136240589, "NAB2": 0.003496362910842079, "HCN1": 0.0030410615029466746, "IMMP2L": 0.0005501537150468369, "OTUD7B": 0.0010032953633339566, "TAAR6": 0.00011611340546256687, "CHI3L1": 0.001882624597278961, "CENPM": 0.00013307403160081353, "CSMD1": 0.0005673087523895598, "DISC1": 0.0003112363563640575, "ATP2A2": 0.017394710453069787, "KDM3B": 0.002887115414375216, "CYP26B1": 0.0026050545313693768, "CUL3": 0.0026991727610786837, "ADAMTSL3": 0.0001821938176502987, "DPYD": 0.000267898333263907, "CACNB2": 0.0030182816765663397, "MPHOSPH9": 0.00033434138364881697, "PLCH2": 0.0011896941114345825, "STAG1": 0.0010778122147108826, "CACNA1I": 0.0014359250970280926, "TYW5": 0.00034359640785325464, "VIPR2": 0.0006466153003509972, "NFATC3": 0.0008203824431586329, "ZNF804A": 0.0006558953703232188, "PPP3CC": 0.0020785811081127964, "KCNN3": 0.0004890812303992719, "RGS4": 0.055363279988081285, "PRKD1": 0.0011882933874635935, "APOE": 0.20837474545128265, "SLC6A3": 3.121471115561977e-05, "AKT1": 0.0035468721677815724, "TCF20": 0.0013933275879572436, "GRM3": 0.017652156425555742, "TSNARE1": 0.0007856441383876522, "MPP6": 0.001280619005751447, "HTR2A": 0.0025903611602238717, "AMBRA1": 0.0016862864449905726, "BCL11B": 0.000599918276364681, "DAO": 5.131678591214063e-05, "SLC1A1": 0.0049745216527272386, "VRK2": 0.0009238823270731303, "ZDHHC8": 0.0024055382813234923, "SDCCAG8": 0.0019572032749218147, "TMTC1": 0.0011425653763512992, "NLGN4X": 0.0021813103530185594}