{"GRAMD1B": 0.003700206473623929, "GRIN2A": 0.004048131295984846, "PAK6": 0.0029387478818393843, "NOTCH4": 0.0010288732328819837, "RERE": 0.003349002124597436, "DGKI": 0.00047476464045655115, "CHRNA3": 6.854248310138299e-05, "GIGYF2": 0.0013803842272343742, "MAN2A1": 0.0008423656081756556, "DRD4": 0.0007912418948532101, "PTGIS": 0.00031469728350125753, "COMT": 0.0059455259311272145, "C3orf49": 0.0003492765420144149, "DRD3": 1.1875366352569411e-05, "NRGN": 0.35402577688686343, "TMX2-CTNND1": 0.007770388800342054, "TNF": 9.142615360009532e-06, "CHRNA7": 5.8911854482095654e-05, "APOPT1": 0.00343779473598688, "BDNF": 0.0005712498030895313, "SMG6": 0.0018828744528539304, "GALNT10": 0.0009090076042590693, "SATB2": 0.0020187415185215227, "NRXN1": 0.0063768083019505395, "CACNA1C": 0.00042392363458345977, "AKT3": 0.005339203568888121, "APOL2": 0.004013783637366726, "EPC2": 0.0018792232690470398, "MTHFR": 0.0006120020650033327, "CNTN4": 0.0012181553213641734, "RTN4R": 0.004201604651060815, "DAOA": 0.0, "CHRNA5": 2.842644635437666e-05, "DRD2": 0.000175732461197669, "SLC6A4": 1.6209861918577824e-05, "RGS6": 0.0011937648799111476, "SHMT2": 0.0024903963394560945, "IGSF9B": 0.00012689103838720286, "TCF4": 0.0048725468788702615, "NRG1": 0.0003627165886898282, "C10orf32": 0.0050970871671772505, "C11orf31": 0.016738945358820524, "MAD1L1": 0.000940156907033174, "SNAP91": 0.016771327255551673, "GPM6A": 0.1191931884928143, "ETF1": 0.006042330779028261, "ZNF536": 0.0012406644411320983, "CNNM2": 0.0008472320995609211, "DTNBP1": 0.00394746106349779, "CLCN3": 0.006960724886902863, "SRPK2": 0.007571854741365253, "NAB2": 0.0037413942771219407, "HCN1": 0.002926155130772184, "IMMP2L": 0.0005795785682261379, "OTUD7B": 0.001199883994905255, "TAAR6": 7.859665430334141e-06, "CHI3L1": 0.00157079417676634, "CENPM": 0.0001531976373362495, "CSMD1": 0.0004131271637341412, "DISC1": 0.00031240067535825283, "ATP2A2": 0.01627284070554745, "KDM3B": 0.002642856562425911, "CYP26B1": 0.0026127703719397537, "CUL3": 0.00266602444353734, "ADAMTSL3": 0.00013088370333091173, "DPYD": 0.00028190363274611, "CACNB2": 0.002438667227089505, "MPHOSPH9": 0.00038538789978453963, "PLCH2": 0.000994430499181202, "STAG1": 0.001084053608328285, "CACNA1I": 0.0010076801326377029, "TYW5": 0.0003837998076923286, "VIPR2": 0.00044009553035341575, "NFATC3": 0.0009564136187958444, "ZNF804A": 0.0005043879693643897, "PPP3CC": 0.0020841822240249145, "KCNN3": 0.0003905610364957028, "RGS4": 0.05746420820389095, "PRKD1": 0.0010228876363735273, "APOE": 0.2268584292651579, "SLC6A3": 0.0, "AKT1": 0.0030843029481138922, "TCF20": 0.0011310958573313974, "GRM3": 0.01547756582339334, "TSNARE1": 0.0008205592172795795, "MPP6": 0.0010156668153721471, "HTR2A": 0.002203810352836594, "AMBRA1": 0.001340765350495705, "BCL11B": 0.0005139523460584858, "DAO": 2.382676646590953e-05, "SLC1A1": 0.004570448246352403, "VRK2": 0.0012699114906712836, "ZDHHC8": 0.0022881085057729275, "SDCCAG8": 0.0018543357690492038, "TMTC1": 0.0010076433051353284, "NLGN4X": 0.0017837006194939887}