{"GRAMD1B": 0.0034713791330432298, "GRIN2A": 0.004439109786732677, "PAK6": 0.0042738859344685284, "NOTCH4": 0.0006445150385271277, "RERE": 0.0034027856713781213, "DGKI": 0.0003848477163852353, "CHRNA3": 0.00013015011654890764, "GIGYF2": 0.0011407654793038732, "MAN2A1": 0.0005221427926696456, "DRD4": 0.0003499780092213581, "PTGIS": 0.0004216673120711376, "COMT": 0.0065492636929603935, "C3orf49": 0.00017129906476002482, "DRD3": 6.1789429612490825e-06, "NRGN": 0.38518400672555264, "TMX2-CTNND1": 0.009456822366683382, "TNF": 1.0051865927106548e-05, "CHRNA7": 8.992146515859777e-05, "APOPT1": 0.0034765986599598073, "BDNF": 0.0006764397311772714, "SMG6": 0.001636473670145498, "GALNT10": 0.0008616338267610881, "SATB2": 0.0019688803061953483, "NRXN1": 0.00672180940451283, "CACNA1C": 0.0005220833861034122, "AKT3": 0.004259511525658879, "APOL2": 0.002715523648008193, "EPC2": 0.001767414983145693, "MTHFR": 0.0005535282717202761, "CNTN4": 0.0010467242248831789, "RTN4R": 0.004918176548189885, "DAOA": 0.0, "CHRNA5": 8.50447339313772e-05, "DRD2": 0.0003911758028313785, "SLC6A4": 1.5068970579862796e-05, "RGS6": 0.0010520375811707572, "SHMT2": 0.002771202452210604, "IGSF9B": 0.0001415104672134005, "TCF4": 0.004726852091014539, "NRG1": 0.000381452961161466, "C10orf32": 0.004619387922953371, "C11orf31": 0.017413843459680604, "MAD1L1": 0.0007099378397377593, "SNAP91": 0.016139080859616774, "GPM6A": 0.1326210006568012, "ETF1": 0.0051435980641279435, "ZNF536": 0.0006890831646614657, "CNNM2": 0.0009168291275216529, "DTNBP1": 0.0044782867669813185, "CLCN3": 0.006251217649801797, "SRPK2": 0.00698976338158229, "NAB2": 0.003566489705656128, "HCN1": 0.0031895992677923443, "IMMP2L": 0.0005336497785417917, "OTUD7B": 0.0005598118362453921, "TAAR6": 4.239427485761227e-06, "CHI3L1": 0.001277584576978161, "CENPM": 0.00013055781061150945, "CSMD1": 0.00043225207700980326, "DISC1": 0.00025964778398233115, "ATP2A2": 0.015018577309872775, "KDM3B": 0.002263867406247633, "CYP26B1": 0.004251948739740868, "CUL3": 0.002398453312086257, "ADAMTSL3": 0.00010240444480775987, "DPYD": 0.00022393150024597794, "CACNB2": 0.0018768927037657, "MPHOSPH9": 0.0002505720448369418, "PLCH2": 0.0009370425417191033, "STAG1": 0.0008597938733902428, "CACNA1I": 0.0013132032689276518, "TYW5": 0.00031146483134308065, "VIPR2": 0.0005858027040272961, "NFATC3": 0.0006339565114885483, "ZNF804A": 0.00046141393528266347, "PPP3CC": 0.0017430374986917492, "KCNN3": 0.0002908175181865901, "RGS4": 0.04419014426583792, "PRKD1": 0.0007601377083510393, "APOE": 0.20185912257648786, "SLC6A3": 0.0, "AKT1": 0.0032488411458228518, "TCF20": 0.0010243401607628504, "GRM3": 0.014906892965353672, "TSNARE1": 0.0005734918483030661, "MPP6": 0.0008384217011147591, "HTR2A": 0.0022064088143245123, "AMBRA1": 0.0013856941313741616, "BCL11B": 0.00037003525015690984, "DAO": 1.058949436141089e-05, "SLC1A1": 0.004526667144485456, "VRK2": 0.0009753673677787725, "ZDHHC8": 0.002592119378080643, "SDCCAG8": 0.0018537122616213628, "TMTC1": 0.000937103664475028, "NLGN4X": 0.002047061492595836}