{"GRAMD1B": 0.0024055130351367106, "GRIN2A": 0.0008476058511898944, "PAK6": 0.003637267252484302, "NOTCH4": 0.0007766834713694938, "RERE": 0.0025307165400327808, "DGKI": 0.0005054923655194694, "CHRNA3": 0.0002552423065769492, "GIGYF2": 0.001421621386427817, "MAN2A1": 0.0009315346311496279, "DRD4": 0.0002875484667302757, "PTGIS": 0.0004261875396113169, "COMT": 0.009607375347202171, "C3orf49": 0.00013117042760975908, "DRD3": 0.0006857718953066758, "NRGN": 0.3755732547454012, "TMX2-CTNND1": 0.009731948644638607, "TNF": 0.0, "CHRNA7": 2.8824551567592164e-05, "APOPT1": 0.0038463935271872227, "BDNF": 0.00017789524504135552, "SMG6": 0.0025442174898952057, "GALNT10": 0.0013270975655254574, "SATB2": 0.00018050390897133772, "NRXN1": 0.001881127625234895, "CACNA1C": 0.0003304085841382944, "AKT3": 0.0029408412162552017, "APOL2": 0.0029254303256653147, "EPC2": 0.0013606844463288706, "MTHFR": 0.0007570817870323662, "CNTN4": 0.0006164038556444849, "RTN4R": 0.0007091070295193861, "DAOA": 0.0, "CHRNA5": 5.690412751324847e-05, "DRD2": 0.012858197367744524, "SLC6A4": 2.2110493869895205e-05, "RGS6": 0.00027039377321052936, "SHMT2": 0.002530920455934229, "IGSF9B": 0.00015618657282147238, "TCF4": 0.0025840480609526525, "NRG1": 0.00015031078978331504, "C10orf32": 0.005533825086657642, "C11orf31": 0.018332005196483585, "MAD1L1": 0.001682208736613533, "SNAP91": 0.005572137235518408, "GPM6A": 0.06098283190918835, "ETF1": 0.00590715088465636, "ZNF536": 0.002073438350759424, "CNNM2": 0.0008879992301353386, "DTNBP1": 0.012294442150863208, "CLCN3": 0.005502076024747072, "SRPK2": 0.005176815136554607, "NAB2": 0.003392459558697619, "HCN1": 0.0005170968116390967, "IMMP2L": 0.000693554599829063, "OTUD7B": 0.0021069428066089885, "TAAR6": 0.0, "CHI3L1": 0.004902674462317041, "CENPM": 0.00014413518597553327, "CSMD1": 0.00022164327667877594, "DISC1": 0.0003721781593053669, "ATP2A2": 0.01238872384846364, "KDM3B": 0.0024333417601798547, "CYP26B1": 0.0006630224650886743, "CUL3": 0.0019806815148051943, "ADAMTSL3": 0.00010303621508141364, "DPYD": 0.0002959415164449029, "CACNB2": 0.0015913639878699368, "MPHOSPH9": 0.000376291937236356, "PLCH2": 0.0005932304233072501, "STAG1": 0.0008775587359811791, "CACNA1I": 0.0008153248907490204, "TYW5": 0.0002938368038343108, "VIPR2": 0.00021503283830977924, "NFATC3": 0.0013996302370223484, "ZNF804A": 0.0003827689072816468, "PPP3CC": 0.0012173302797207164, "KCNN3": 0.0007130813289737844, "RGS4": 0.01798694257172225, "PRKD1": 0.0010027004221618628, "APOE": 0.30717384824163463, "SLC6A3": 9.628551262298481e-06, "AKT1": 0.0037539281836479047, "TCF20": 0.00106546101436471, "GRM3": 0.01922629877387584, "TSNARE1": 0.000741061295221308, "MPP6": 0.0011974559920205998, "HTR2A": 0.00028683038224953293, "AMBRA1": 0.0019341363150855262, "BCL11B": 0.002787779364848198, "DAO": 3.9414440950602704e-05, "SLC1A1": 0.0040902322984695495, "VRK2": 0.0016877629764723533, "ZDHHC8": 0.002372368329866965, "SDCCAG8": 0.0018385766014038087, "TMTC1": 0.0015202803213039064, "NLGN4X": 0.0014131599497592931}