{"GRAMD1B": 0.00605083096111766, "GRIN2A": 0.005383757400262347, "PAK6": 0.003434465668683761, "NOTCH4": 0.000799709565941111, "RERE": 0.004503245257484683, "DGKI": 0.000536140078638833, "CHRNA3": 0.0002228126181746183, "GIGYF2": 0.00167988326486016, "MAN2A1": 0.0006803508636892469, "DRD4": 0.0005277471002608701, "PTGIS": 0.0005746657226410857, "COMT": 0.0061487378322845525, "C3orf49": 0.00024106039481035235, "DRD3": 2.356585303058911e-06, "NRGN": 0.4438915140363899, "TMX2-CTNND1": 0.009036694303890792, "TNF": 1.1789795566124785e-05, "CHRNA7": 9.16498098340664e-05, "APOPT1": 0.0022295693979466594, "BDNF": 0.0005419734053985682, "SMG6": 0.002110027163242925, "GALNT10": 0.0007799503119122749, "SATB2": 0.0024331794414201423, "NRXN1": 0.006758568587361811, "CACNA1C": 0.0007460572702741103, "AKT3": 0.005331381603207964, "APOL2": 0.004838098605988135, "EPC2": 0.0021995716805501392, "MTHFR": 0.000721639941151024, "CNTN4": 0.0011518983237142932, "RTN4R": 0.004704776769108505, "DAOA": 0.0, "CHRNA5": 7.110734090535829e-05, "DRD2": 0.00022044701724234468, "SLC6A4": 1.5361988208296122e-05, "RGS6": 0.0014162055184546928, "SHMT2": 0.002757278861533189, "IGSF9B": 0.00020244702730478866, "TCF4": 0.005142767127012553, "NRG1": 0.00030807328055260336, "C10orf32": 0.0034211454342821376, "C11orf31": 0.01084859249715752, "MAD1L1": 0.0008578993705497688, "SNAP91": 0.018231101299317563, "GPM6A": 0.0991516004194195, "ETF1": 0.004511791859322359, "ZNF536": 0.001118923659861608, "CNNM2": 0.0013153717161079948, "DTNBP1": 0.0024506147381373627, "CLCN3": 0.007179167009432005, "SRPK2": 0.007340095990914008, "NAB2": 0.0037746353763193604, "HCN1": 0.004966848588671954, "IMMP2L": 0.0004219136306463435, "OTUD7B": 0.0012129985308491974, "TAAR6": 0.0, "CHI3L1": 0.002776518572040376, "CENPM": 8.740273294782487e-05, "CSMD1": 0.0005390179962788612, "DISC1": 0.00025383525519709994, "ATP2A2": 0.021143618205272517, "KDM3B": 0.0027052636896473933, "CYP26B1": 0.0038211259709697155, "CUL3": 0.002568086240226233, "ADAMTSL3": 9.505492712531492e-05, "DPYD": 0.00016043634174277323, "CACNB2": 0.0017803009172107265, "MPHOSPH9": 0.00032661413669042723, "PLCH2": 0.0009156852606590867, "STAG1": 0.0011005078061383717, "CACNA1I": 0.0019405544420277574, "TYW5": 0.0002502287173007775, "VIPR2": 0.001346861949455222, "NFATC3": 0.000903955283077275, "ZNF804A": 0.0004823015315206752, "PPP3CC": 0.0017106269182452765, "KCNN3": 0.00032505028278474464, "RGS4": 0.04442935885602915, "PRKD1": 0.0008685313732879358, "APOE": 0.1622431167689624, "SLC6A3": 0.0, "AKT1": 0.0034025177848249696, "TCF20": 0.0012942504580942273, "GRM3": 0.01382493075611273, "TSNARE1": 0.0008167283548991363, "MPP6": 0.0007346449862931973, "HTR2A": 0.0027376395296834304, "AMBRA1": 0.0017152692517647071, "BCL11B": 0.00038664355897455625, "DAO": 1.9254378792814165e-05, "SLC1A1": 0.004276680348741438, "VRK2": 0.0009820796456161654, "ZDHHC8": 0.002953331589593773, "SDCCAG8": 0.001956620150183088, "TMTC1": 0.0006270991195487843, "NLGN4X": 0.0023728331126138553}