{"GRAMD1B": 0.009346914544304176, "GRIN2A": 0.0008081932703662383, "PAK6": 0.005639175258476341, "NOTCH4": 0.001465613915953199, "RERE": 0.016775035101249558, "DGKI": 0.0018817788160502113, "CHRNA3": 0.001022622253823392, "GIGYF2": 0.006236188071899153, "MAN2A1": 0.0009211658418479893, "DRD4": 0.0005550025522667447, "PTGIS": 0.0047749617173903185, "COMT": 0.011453553690551248, "C3orf49": 0.00012714293824598683, "DRD3": 0.0002416600959624514, "NRGN": 0.040021161251392566, "TMX2-CTNND1": 0.02701074790375839, "TNF": 3.983791989600304e-06, "CHRNA7": 0.00021029562881913898, "APOPT1": 0.008167169575983976, "BDNF": 0.0002824602578992399, "SMG6": 0.009924066527264174, "GALNT10": 0.0015129064504454633, "SATB2": 0.012564909545858458, "NRXN1": 0.018039122784229474, "CACNA1C": 0.0014505408009627733, "AKT3": 0.03568999824731923, "APOL2": 0.0020935495278964684, "EPC2": 0.014556064627579487, "MTHFR": 0.002703222431454209, "CNTN4": 0.002181521617421143, "RTN4R": 0.007523685504491602, "DAOA": 0.0, "CHRNA5": 0.002535077561084909, "DRD2": 0.0032241233069178698, "SLC6A4": 4.475215683011312e-05, "RGS6": 0.0021318058048192022, "SHMT2": 0.010564188270358585, "IGSF9B": 0.0008633889392835872, "TCF4": 0.045772726031437255, "NRG1": 0.0033808502088546423, "C10orf32": 0.008361678426373056, "C11orf31": 0.028159906768256224, "MAD1L1": 0.004490311059571626, "SNAP91": 0.01912328894925456, "GPM6A": 0.1829333882774703, "ETF1": 0.011350574069914241, "ZNF536": 0.005246086461558525, "CNNM2": 0.0029091059279676124, "DTNBP1": 0.003887166615405493, "CLCN3": 0.017508937171432808, "SRPK2": 0.0184909864671186, "NAB2": 0.017048575295889483, "HCN1": 0.0018373504495973886, "IMMP2L": 0.0012453745703837162, "OTUD7B": 0.0013793435895075275, "TAAR6": 8.718037203294499e-06, "CHI3L1": 0.0004003594903032746, "CENPM": 0.005067721406062643, "CSMD1": 0.0010111812848477015, "DISC1": 0.0005335220771300321, "ATP2A2": 0.02229229270150233, "KDM3B": 0.018904283134823164, "CYP26B1": 0.006525061961980344, "CUL3": 0.010489404175001651, "ADAMTSL3": 0.0003226562380581284, "DPYD": 0.0010360719369018883, "CACNB2": 0.001089198573022918, "MPHOSPH9": 0.0015766113042444642, "PLCH2": 0.001099137763561957, "STAG1": 0.012812994789977626, "CACNA1I": 0.0009602925369161633, "TYW5": 0.0006654208626259535, "VIPR2": 0.0008333111289907678, "NFATC3": 0.005135115122075179, "ZNF804A": 0.004524077519623164, "PPP3CC": 0.007770591254893363, "KCNN3": 0.0026866704461986357, "RGS4": 0.0020472577479608953, "PRKD1": 0.003635721721666481, "APOE": 0.09072928194549908, "SLC6A3": 1.0018036216254547e-05, "AKT1": 0.019777067842174218, "TCF20": 0.01364741292864476, "GRM3": 0.026116571767550167, "TSNARE1": 0.002201683117634929, "MPP6": 0.0037801531244075212, "HTR2A": 0.0012345739217501878, "AMBRA1": 0.007425026106359344, "BCL11B": 0.02496031414103631, "DAO": 4.1717285964312736e-05, "SLC1A1": 0.009753212211384732, "VRK2": 0.0023918274071228034, "ZDHHC8": 0.004476386955651042, "SDCCAG8": 0.008939870514216599, "TMTC1": 0.0011368380554674562, "NLGN4X": 0.008160398733358405}