{"GRAMD1B": 0.006415503695179457, "GRIN2A": 0.0005827359579281638, "PAK6": 0.004681296081663976, "NOTCH4": 0.0009442321027341881, "RERE": 0.012945088323793024, "DGKI": 0.0018229395406413058, "CHRNA3": 0.0003295095664394132, "GIGYF2": 0.004842826340871347, "MAN2A1": 0.0011599838317121415, "DRD4": 0.0007190584111664442, "PTGIS": 0.0031553836322710397, "COMT": 0.007622940012716123, "C3orf49": 0.0001325871185010589, "DRD3": 5.5376160208136304e-06, "NRGN": 0.02482510141002073, "TMX2-CTNND1": 0.01674408653272406, "TNF": 0.0, "CHRNA7": 0.00014545993414032132, "APOPT1": 0.006437856048000965, "BDNF": 0.00022954140651402672, "SMG6": 0.007448201509989488, "GALNT10": 0.001564896691512581, "SATB2": 0.044594694007783486, "NRXN1": 0.015174905274150519, "CACNA1C": 0.0011529824683869016, "AKT3": 0.04896336799108609, "APOL2": 0.0011138618816165847, "EPC2": 0.012029475032601766, "MTHFR": 0.002435076923782789, "CNTN4": 0.002938034458844348, "RTN4R": 0.007512789874750783, "DAOA": 0.0, "CHRNA5": 0.0016855217828068176, "DRD2": 0.00016213036064893752, "SLC6A4": 0.0001355678329975822, "RGS6": 0.002474932106859239, "SHMT2": 0.006891002003361372, "IGSF9B": 0.0003479021438098747, "TCF4": 0.02930901991929061, "NRG1": 0.0020590207271883503, "C10orf32": 0.005755490764716822, "C11orf31": 0.021887177861268144, "MAD1L1": 0.0030776386638525217, "SNAP91": 0.023023170044299462, "GPM6A": 0.2885434326593001, "ETF1": 0.009617562055293152, "ZNF536": 0.0021174103816442424, "CNNM2": 0.002393764263406057, "DTNBP1": 0.003446694884461298, "CLCN3": 0.012813522287220791, "SRPK2": 0.018465705581064758, "NAB2": 0.012639832767363373, "HCN1": 0.00201760016262228, "IMMP2L": 0.0009961300099362027, "OTUD7B": 0.0008273848141831202, "TAAR6": 0.0, "CHI3L1": 0.00017607932789080082, "CENPM": 0.0020396518481276367, "CSMD1": 0.001160463619982594, "DISC1": 0.00033043260970478457, "ATP2A2": 0.018000630817572968, "KDM3B": 0.012004334897974272, "CYP26B1": 0.0016792589465831793, "CUL3": 0.008446966540229339, "ADAMTSL3": 0.0008340640835031843, "DPYD": 0.0003265738788196125, "CACNB2": 0.0012024318753839794, "MPHOSPH9": 0.0009808694287357172, "PLCH2": 0.0011638753963006412, "STAG1": 0.007990595020351916, "CACNA1I": 0.0016673497924291323, "TYW5": 0.0005737047626526213, "VIPR2": 0.00011462335237902932, "NFATC3": 0.003081113949493437, "ZNF804A": 0.002665968766641274, "PPP3CC": 0.007342991071663227, "KCNN3": 0.0008011750407415973, "RGS4": 0.0008699589516076424, "PRKD1": 0.0020412875214891693, "APOE": 0.07691734328628998, "SLC6A3": 2.7062185707530198e-06, "AKT1": 0.015720384073583827, "TCF20": 0.011342649452576887, "GRM3": 0.024106135025712915, "TSNARE1": 0.001854536970256509, "MPP6": 0.004334388737405383, "HTR2A": 0.0006470359872806612, "AMBRA1": 0.0063953179043310295, "BCL11B": 0.03911171935818581, "DAO": 4.8748985489196414e-05, "SLC1A1": 0.01094531770989612, "VRK2": 0.0021821009470877253, "ZDHHC8": 0.003737018813319107, "SDCCAG8": 0.008607410050101232, "TMTC1": 0.0008024865390885879, "NLGN4X": 0.004286595659714653}