{"GRAMD1B": 0.008464186200998761, "GRIN2A": 0.0012912220056853527, "PAK6": 0.005079511005015042, "NOTCH4": 0.001622513442163692, "RERE": 0.013198485265697646, "DGKI": 0.001862678510989345, "CHRNA3": 0.0008770132780846813, "GIGYF2": 0.006045942260182131, "MAN2A1": 0.0011504017446523332, "DRD4": 0.001358167881560668, "PTGIS": 0.004630385470877443, "COMT": 0.013636531776964576, "C3orf49": 0.00011061821919845659, "DRD3": 1.4361654385666394e-05, "NRGN": 0.049061196152842865, "TMX2-CTNND1": 0.02723275696007428, "TNF": 1.0655288636664624e-05, "CHRNA7": 0.0001916480875350884, "APOPT1": 0.007026217612132761, "BDNF": 0.0008023958624149287, "SMG6": 0.009599744845360057, "GALNT10": 0.002377454184706753, "SATB2": 0.004599380218611976, "NRXN1": 0.017263172008446046, "CACNA1C": 0.0010946518431315057, "AKT3": 0.036228367332647164, "APOL2": 0.002988935626489049, "EPC2": 0.012568108340664571, "MTHFR": 0.0029843968040109393, "CNTN4": 0.0008602497014660803, "RTN4R": 0.006812774131455879, "DAOA": 0.0, "CHRNA5": 0.0028774312352786925, "DRD2": 0.0015046889890223125, "SLC6A4": 0.00011118792929693535, "RGS6": 0.0008340042528651222, "SHMT2": 0.011971921699700086, "IGSF9B": 0.0005699698450088803, "TCF4": 0.06768401483771264, "NRG1": 0.0017217624602301868, "C10orf32": 0.00979738723484842, "C11orf31": 0.02926322760952985, "MAD1L1": 0.004069866691575358, "SNAP91": 0.020851869021133968, "GPM6A": 0.17023416784812287, "ETF1": 0.013007636174969145, "ZNF536": 0.00557679021239099, "CNNM2": 0.0025575257607934865, "DTNBP1": 0.003788661577355403, "CLCN3": 0.020830229719364098, "SRPK2": 0.017259885381478834, "NAB2": 0.019476375371834727, "HCN1": 0.002556002956965345, "IMMP2L": 0.0013694472856766308, "OTUD7B": 0.0015539637672372538, "TAAR6": 3.2622188460848734e-06, "CHI3L1": 0.0005922148505925091, "CENPM": 0.0044789818028295215, "CSMD1": 0.0007926019294156593, "DISC1": 0.0008790754258253907, "ATP2A2": 0.022568321659272143, "KDM3B": 0.01908938956004045, "CYP26B1": 0.006847097378780693, "CUL3": 0.010469814257842616, "ADAMTSL3": 0.0006684850369915566, "DPYD": 0.000619912061315625, "CACNB2": 0.0011722967666001974, "MPHOSPH9": 0.001512061801579898, "PLCH2": 0.0010450219032046935, "STAG1": 0.011369977375196743, "CACNA1I": 0.0011992822212673056, "TYW5": 0.0006397811726919051, "VIPR2": 0.000643974009795546, "NFATC3": 0.004641808138220181, "ZNF804A": 0.003832364352409722, "PPP3CC": 0.006703105663178461, "KCNN3": 0.002906009439937603, "RGS4": 0.0007139256979863727, "PRKD1": 0.004889320176040943, "APOE": 0.10454819373440076, "SLC6A3": 1.9478305211771887e-05, "AKT1": 0.018465038117780597, "TCF20": 0.011827408431043513, "GRM3": 0.01996581873615871, "TSNARE1": 0.0020003994172470164, "MPP6": 0.004459842303912743, "HTR2A": 0.0009717456654278029, "AMBRA1": 0.007239064630878553, "BCL11B": 0.01794739437044479, "DAO": 4.388218181412476e-05, "SLC1A1": 0.00830078559543175, "VRK2": 0.0028837632826299946, "ZDHHC8": 0.00457161852070959, "SDCCAG8": 0.008556458955373944, "TMTC1": 0.00197271487548768, "NLGN4X": 0.007470347660552389}