{"GRAMD1B": 0.006907759952851488, "GRIN2A": 0.0005938380447325137, "PAK6": 0.00521119250732359, "NOTCH4": 0.0007152234188185401, "RERE": 0.01268524280345873, "DGKI": 0.002680498224140369, "CHRNA3": 0.0002754817202542371, "GIGYF2": 0.004870908883549139, "MAN2A1": 0.0012173980787238748, "DRD4": 0.0005876109722856662, "PTGIS": 0.0035007445470500768, "COMT": 0.006038251733155041, "C3orf49": 0.00015398370657160922, "DRD3": 3.70843164622613e-06, "NRGN": 0.023827925919652226, "TMX2-CTNND1": 0.013601223820116269, "TNF": 1.08472678473808e-06, "CHRNA7": 0.00013283099123880074, "APOPT1": 0.005895067982812451, "BDNF": 0.00014801964160725018, "SMG6": 0.007552853943887231, "GALNT10": 0.0020496918339254905, "SATB2": 0.0632368213663393, "NRXN1": 0.018562572290647287, "CACNA1C": 0.0017418122617408947, "AKT3": 0.06206309563115759, "APOL2": 0.0005372874398314896, "EPC2": 0.011202314130221729, "MTHFR": 0.0024369434804736704, "CNTN4": 0.0027558457484609376, "RTN4R": 0.0068698904905963145, "DAOA": 7.916038960445438e-07, "CHRNA5": 0.0012146185398188873, "DRD2": 0.00012717301765568283, "SLC6A4": 5.8450143222830234e-05, "RGS6": 0.004434755816801219, "SHMT2": 0.004261610830099045, "IGSF9B": 0.000483086879352392, "TCF4": 0.03772184014619126, "NRG1": 0.0015206854958955789, "C10orf32": 0.0049150915412318535, "C11orf31": 0.01849665422433397, "MAD1L1": 0.003055708339277364, "SNAP91": 0.0288090707245912, "GPM6A": 0.3008139024227348, "ETF1": 0.009041187525088465, "ZNF536": 0.0007949921966950874, "CNNM2": 0.0025455025060122467, "DTNBP1": 0.003306895386644795, "CLCN3": 0.012404278716843927, "SRPK2": 0.019538988783173502, "NAB2": 0.01235490179023042, "HCN1": 0.003521976289367769, "IMMP2L": 0.0007397919224488084, "OTUD7B": 0.0003951779485594033, "TAAR6": 2.7312644720382163e-06, "CHI3L1": 6.293529061895068e-05, "CENPM": 0.00035537800197123415, "CSMD1": 0.0012595514309951413, "DISC1": 0.0003047589026180188, "ATP2A2": 0.019681707932527458, "KDM3B": 0.010706766383453295, "CYP26B1": 0.001992303154572302, "CUL3": 0.008321865683175823, "ADAMTSL3": 0.001077095676152432, "DPYD": 0.000422352027155346, "CACNB2": 0.0015506961801417367, "MPHOSPH9": 0.0006889400744331202, "PLCH2": 0.0009650502011370957, "STAG1": 0.006705186452338109, "CACNA1I": 0.002228356758418662, "TYW5": 0.0005542162449864488, "VIPR2": 6.371078585756618e-05, "NFATC3": 0.002188946643431727, "ZNF804A": 0.0025426252664492, "PPP3CC": 0.0077638111767099685, "KCNN3": 0.0005648314812404067, "RGS4": 0.0003966397236956658, "PRKD1": 0.0008214302337891023, "APOE": 0.022447719628665718, "SLC6A3": 2.3514957398053553e-06, "AKT1": 0.013628786161724898, "TCF20": 0.013807394617030384, "GRM3": 0.0335179436643056, "TSNARE1": 0.0019566663166821195, "MPP6": 0.0052106487299606865, "HTR2A": 0.00043909155595898736, "AMBRA1": 0.006970929254473218, "BCL11B": 0.025701027548869156, "DAO": 4.175289161526065e-05, "SLC1A1": 0.01098006231291487, "VRK2": 0.002328979771635964, "ZDHHC8": 0.0031367505869698623, "SDCCAG8": 0.010899283737487624, "TMTC1": 0.0010075261597861614, "NLGN4X": 0.004568997417311779}