{"GRAMD1B": 0.0070660110274149675, "GRIN2A": 0.0007791809419945706, "PAK6": 0.007035485011358379, "NOTCH4": 0.0010672888162047533, "RERE": 0.013612423517826142, "DGKI": 0.002076814880353207, "CHRNA3": 0.00037070797625004127, "GIGYF2": 0.005487447896671431, "MAN2A1": 0.0014004989659347539, "DRD4": 0.0007381475882133171, "PTGIS": 0.0035099939326279045, "COMT": 0.008808347178475513, "C3orf49": 0.00015982679878446122, "DRD3": 3.283747962698125e-06, "NRGN": 0.02131379043809253, "TMX2-CTNND1": 0.018980959757287603, "TNF": 4.600679366376519e-06, "CHRNA7": 0.0001603541810363973, "APOPT1": 0.006950880297878238, "BDNF": 0.0006231745568088603, "SMG6": 0.008078862699010479, "GALNT10": 0.0014394715659454365, "SATB2": 0.0346895441419862, "NRXN1": 0.017240073314665268, "CACNA1C": 0.0013611280348204895, "AKT3": 0.05464104373005535, "APOL2": 0.0012954287218196329, "EPC2": 0.01268546537760969, "MTHFR": 0.0027263909565006504, "CNTN4": 0.0027694153730451945, "RTN4R": 0.008160853364623365, "DAOA": 0.0, "CHRNA5": 0.002015831184379617, "DRD2": 0.00027526059528966613, "SLC6A4": 9.55911662949588e-05, "RGS6": 0.0015188268445248045, "SHMT2": 0.008969524780356132, "IGSF9B": 0.0003388431815481263, "TCF4": 0.03411126780915372, "NRG1": 0.0025900579023382412, "C10orf32": 0.006894085090717671, "C11orf31": 0.023401520471347883, "MAD1L1": 0.003477749774970197, "SNAP91": 0.0260662149867859, "GPM6A": 0.28166166773480866, "ETF1": 0.01084133801630392, "ZNF536": 0.0027735203681362518, "CNNM2": 0.002780596672771011, "DTNBP1": 0.0037752185994730132, "CLCN3": 0.01577528350538226, "SRPK2": 0.019595883398441916, "NAB2": 0.014246350025254846, "HCN1": 0.0021763418526352784, "IMMP2L": 0.0011131112885859578, "OTUD7B": 0.0008498651519779207, "TAAR6": 0.0, "CHI3L1": 0.00012677497061953428, "CENPM": 0.0030380673470940377, "CSMD1": 0.001198280812538227, "DISC1": 0.00037249724840537326, "ATP2A2": 0.02079625384036855, "KDM3B": 0.013879984484660159, "CYP26B1": 0.002856188128881841, "CUL3": 0.009505592581036709, "ADAMTSL3": 0.0009669670446586057, "DPYD": 0.000539709092301563, "CACNB2": 0.0010854912097065855, "MPHOSPH9": 0.0012687891437583672, "PLCH2": 0.000990575106242782, "STAG1": 0.008867356747532053, "CACNA1I": 0.001958660678866356, "TYW5": 0.0006554786419584901, "VIPR2": 0.00013502058535421556, "NFATC3": 0.003540188006098173, "ZNF804A": 0.00220482447416369, "PPP3CC": 0.00821851314673452, "KCNN3": 0.0008005428869710718, "RGS4": 0.0004901355840157327, "PRKD1": 0.002496869593907916, "APOE": 0.04028107195916382, "SLC6A3": 8.690178158123198e-06, "AKT1": 0.017137797739217555, "TCF20": 0.01214906732792742, "GRM3": 0.021692270189503204, "TSNARE1": 0.0020946915128525995, "MPP6": 0.004832373598041938, "HTR2A": 0.0008838468427806944, "AMBRA1": 0.0072310491554461575, "BCL11B": 0.04177328683105673, "DAO": 4.821827646587842e-05, "SLC1A1": 0.012158281275074682, "VRK2": 0.0022336856965348133, "ZDHHC8": 0.004270468470336518, "SDCCAG8": 0.009374167873831786, "TMTC1": 0.0010063171446819937, "NLGN4X": 0.0045588385114465075}