{"GRAMD1B": 0.006262777958840357, "GRIN2A": 0.0007320636878314896, "PAK6": 0.005512645814941896, "NOTCH4": 0.0008672842869335068, "RERE": 0.012798120061009863, "DGKI": 0.002072673373860235, "CHRNA3": 0.0003670327949753608, "GIGYF2": 0.004954847718621661, "MAN2A1": 0.0010614748887670374, "DRD4": 0.000600776304601349, "PTGIS": 0.0035363785027485366, "COMT": 0.007385638336115098, "C3orf49": 0.00013875731691020962, "DRD3": 4.421599133203821e-05, "NRGN": 0.01738626442377159, "TMX2-CTNND1": 0.017796001014752958, "TNF": 3.340342576627113e-06, "CHRNA7": 0.00015622384672391547, "APOPT1": 0.006576781484059017, "BDNF": 0.0004274025890805203, "SMG6": 0.007028114676473656, "GALNT10": 0.0015275025737538706, "SATB2": 0.04285184203003358, "NRXN1": 0.016616758179666454, "CACNA1C": 0.0012269653837428324, "AKT3": 0.050952086748782564, "APOL2": 0.0010805697638554322, "EPC2": 0.012956550836972329, "MTHFR": 0.002376982228640528, "CNTN4": 0.003040811511482106, "RTN4R": 0.006891189288104499, "DAOA": 1.6306947442994983e-06, "CHRNA5": 0.001908099645295495, "DRD2": 0.00030008566510703646, "SLC6A4": 0.000136220018073222, "RGS6": 0.0016738686748697885, "SHMT2": 0.007505409147122438, "IGSF9B": 0.0003529483302757785, "TCF4": 0.03171282556295473, "NRG1": 0.0019756824715333717, "C10orf32": 0.006396900668199779, "C11orf31": 0.02075929262269084, "MAD1L1": 0.0030065550573912464, "SNAP91": 0.026491926279962143, "GPM6A": 0.3258549911124909, "ETF1": 0.010535385905831732, "ZNF536": 0.0027223600368138498, "CNNM2": 0.0025560159841007163, "DTNBP1": 0.003435274304000945, "CLCN3": 0.014721885671272713, "SRPK2": 0.020851137713307526, "NAB2": 0.013662105625230255, "HCN1": 0.002253225661556638, "IMMP2L": 0.001054493298241269, "OTUD7B": 0.0006731001824382643, "TAAR6": 5.169108277571131e-06, "CHI3L1": 8.021731765229338e-05, "CENPM": 0.0021306114228006713, "CSMD1": 0.0012446713525045654, "DISC1": 0.0003698047520028201, "ATP2A2": 0.0196088626754205, "KDM3B": 0.01284226506290505, "CYP26B1": 0.00183588870884512, "CUL3": 0.009158604735412228, "ADAMTSL3": 0.0009176273484853398, "DPYD": 0.00044430427559763615, "CACNB2": 0.0011915773500071431, "MPHOSPH9": 0.0009831961602819904, "PLCH2": 0.000921089146368086, "STAG1": 0.009174193534460652, "CACNA1I": 0.0015985670909596222, "TYW5": 0.0006230871215002278, "VIPR2": 0.00013622397262603195, "NFATC3": 0.0030449102089451984, "ZNF804A": 0.002815076091617364, "PPP3CC": 0.00806600109890658, "KCNN3": 0.0009166612504317262, "RGS4": 0.0006997731197500916, "PRKD1": 0.002218717495767651, "APOE": 0.026330423305772063, "SLC6A3": 4.694355790260031e-06, "AKT1": 0.01590681568271269, "TCF20": 0.011141383824423286, "GRM3": 0.022998339568035684, "TSNARE1": 0.00164556241901199, "MPP6": 0.004427031228868941, "HTR2A": 0.0005880630991367818, "AMBRA1": 0.006745423508960785, "BCL11B": 0.03906980582437584, "DAO": 3.3922354538958065e-05, "SLC1A1": 0.011744927995135393, "VRK2": 0.0021068975016877603, "ZDHHC8": 0.003452802678849468, "SDCCAG8": 0.008527894471390816, "TMTC1": 0.0009325574297310193, "NLGN4X": 0.004546520488550457}