{"GRAMD1B": 0.008160671398117984, "GRIN2A": 0.0007191769256739798, "PAK6": 0.006221032881904739, "NOTCH4": 0.0010718951837240089, "RERE": 0.014356095045994876, "DGKI": 0.0022661870985401012, "CHRNA3": 0.000466492257661359, "GIGYF2": 0.005439914559386189, "MAN2A1": 0.00105356827339118, "DRD4": 0.0007890346239956645, "PTGIS": 0.004757548031215686, "COMT": 0.00823909655079397, "C3orf49": 0.0001476046014898703, "DRD3": 3.879796787488767e-05, "NRGN": 0.04731073872738673, "TMX2-CTNND1": 0.016488641562352267, "TNF": 0.0, "CHRNA7": 0.00014851279717376586, "APOPT1": 0.007024213697939535, "BDNF": 0.00014287160383973235, "SMG6": 0.0085932778601486, "GALNT10": 0.0014782237502574975, "SATB2": 0.05092964340251162, "NRXN1": 0.018282313447552632, "CACNA1C": 0.0019811355469475235, "AKT3": 0.052625166706048485, "APOL2": 0.0010614792389164194, "EPC2": 0.011393132681738062, "MTHFR": 0.003013513004585713, "CNTN4": 0.0015542197942168515, "RTN4R": 0.009304760343219498, "DAOA": 0.0, "CHRNA5": 0.0015072987684021065, "DRD2": 0.00029748331896926926, "SLC6A4": 0.0001044801387835566, "RGS6": 0.00338936961744869, "SHMT2": 0.006237937844437254, "IGSF9B": 0.0005843614335878988, "TCF4": 0.0383008205737071, "NRG1": 0.002111693783180205, "C10orf32": 0.005781640589826179, "C11orf31": 0.02437064287382263, "MAD1L1": 0.0036674397430074227, "SNAP91": 0.025447337913006282, "GPM6A": 0.24830085005069755, "ETF1": 0.00970201945905124, "ZNF536": 0.0016680377320568984, "CNNM2": 0.002612127697218494, "DTNBP1": 0.003889346140362233, "CLCN3": 0.012351869834795259, "SRPK2": 0.01801806710581586, "NAB2": 0.016625353651832753, "HCN1": 0.0027055990669411995, "IMMP2L": 0.0008344929320028022, "OTUD7B": 0.000650470125472234, "TAAR6": 2.070897096129459e-06, "CHI3L1": 0.0001739735333284321, "CENPM": 0.0013837083682008394, "CSMD1": 0.0011484269072270172, "DISC1": 0.00043955462173949397, "ATP2A2": 0.019229619991203598, "KDM3B": 0.012370425607438956, "CYP26B1": 0.0014763620032987733, "CUL3": 0.008469441255792872, "ADAMTSL3": 0.0006686510474967456, "DPYD": 0.0008898377583424785, "CACNB2": 0.001463373962939161, "MPHOSPH9": 0.0009215456518659304, "PLCH2": 0.0014693027057172585, "STAG1": 0.007487875399879948, "CACNA1I": 0.00244881663801168, "TYW5": 0.0006223232294568023, "VIPR2": 0.0001418906391121478, "NFATC3": 0.002683911257295645, "ZNF804A": 0.00291243423497488, "PPP3CC": 0.007695783260988906, "KCNN3": 0.001197252284241235, "RGS4": 0.000552754006033335, "PRKD1": 0.001624136188009156, "APOE": 0.03780855400100677, "SLC6A3": 5.327436028840899e-06, "AKT1": 0.016904670722645166, "TCF20": 0.014968247951178813, "GRM3": 0.03194782793446013, "TSNARE1": 0.002609206263567185, "MPP6": 0.005207221201820012, "HTR2A": 0.0005926366612028232, "AMBRA1": 0.007241041769846252, "BCL11B": 0.023694736182390232, "DAO": 5.7455337042276614e-05, "SLC1A1": 0.010159174634674641, "VRK2": 0.0026846791341200897, "ZDHHC8": 0.004742290543824435, "SDCCAG8": 0.011530696022291034, "TMTC1": 0.0012519306168420825, "NLGN4X": 0.0049553042438833395}