{"GRAMD1B": 0.008054159484163855, "GRIN2A": 0.0006561736101236344, "PAK6": 0.0033720065883751, "NOTCH4": 0.00123764170652686, "RERE": 0.012290006960556935, "DGKI": 0.0026431145332138067, "CHRNA3": 0.0003161617416624038, "GIGYF2": 0.005613648405980185, "MAN2A1": 0.0013796463192702526, "DRD4": 0.0010844075002803552, "PTGIS": 0.003556890226068805, "COMT": 0.008409535984439446, "C3orf49": 0.00013952523025032363, "DRD3": 5.219255497690854e-06, "NRGN": 0.04107571807270957, "TMX2-CTNND1": 0.01712642260241739, "TNF": 1.5380042512562354e-05, "CHRNA7": 0.00012988923550649972, "APOPT1": 0.006048951746804279, "BDNF": 7.295596035237551e-05, "SMG6": 0.00937094896244783, "GALNT10": 0.0023931140673570995, "SATB2": 0.03898605498656677, "NRXN1": 0.014241647608083796, "CACNA1C": 0.0018634599695862267, "AKT3": 0.06254861045158508, "APOL2": 0.0015286242729502927, "EPC2": 0.010709308447022385, "MTHFR": 0.002882938967063872, "CNTN4": 0.00149494982604735, "RTN4R": 0.00813415674994608, "DAOA": 0.0, "CHRNA5": 0.0013320507921378035, "DRD2": 0.00013191217963183895, "SLC6A4": 0.00015042211009337137, "RGS6": 0.00451077723218887, "SHMT2": 0.007366493532290828, "IGSF9B": 0.0006357565891888951, "TCF4": 0.0379152548013864, "NRG1": 0.002327013357252403, "C10orf32": 0.005698439558848425, "C11orf31": 0.022296952123694744, "MAD1L1": 0.0036768500835931187, "SNAP91": 0.022277025925212437, "GPM6A": 0.22395207752718327, "ETF1": 0.009233941227169999, "ZNF536": 0.0009128665445142651, "CNNM2": 0.0028134773162463485, "DTNBP1": 0.0038132074211242283, "CLCN3": 0.012193093553634859, "SRPK2": 0.017765850583319996, "NAB2": 0.016948574031306358, "HCN1": 0.002449338342684726, "IMMP2L": 0.0009704400016135586, "OTUD7B": 0.0008020488765655638, "TAAR6": 0.0, "CHI3L1": 0.0005427700353018695, "CENPM": 0.0015590516194593884, "CSMD1": 0.0009122221121991072, "DISC1": 0.0006793525430184894, "ATP2A2": 0.01944734831961371, "KDM3B": 0.012950159844945469, "CYP26B1": 0.004328779786279495, "CUL3": 0.008556749578881728, "ADAMTSL3": 0.001086974292916455, "DPYD": 0.000308960968647445, "CACNB2": 0.0014211199051151367, "MPHOSPH9": 0.0010472667233736518, "PLCH2": 0.0010823778450445084, "STAG1": 0.006831176417196603, "CACNA1I": 0.0017775094516645036, "TYW5": 0.0005499771631585063, "VIPR2": 0.00033761790763400454, "NFATC3": 0.003332739135116447, "ZNF804A": 0.0018613157283524546, "PPP3CC": 0.006847482758665641, "KCNN3": 0.0008851586891186197, "RGS4": 0.0013346929812005932, "PRKD1": 0.0015479872352692652, "APOE": 0.07711933446354427, "SLC6A3": 1.0021925024616402e-06, "AKT1": 0.015362270497699755, "TCF20": 0.0149216587513174, "GRM3": 0.029539309167835506, "TSNARE1": 0.00292661752554996, "MPP6": 0.005072857178895415, "HTR2A": 0.00033482186014883796, "AMBRA1": 0.0075014987053344875, "BCL11B": 0.03466135547262266, "DAO": 5.2899955736334586e-05, "SLC1A1": 0.009139094179458528, "VRK2": 0.0035845400013599336, "ZDHHC8": 0.004707650144524497, "SDCCAG8": 0.012153382007137684, "TMTC1": 0.0016347565086729102, "NLGN4X": 0.004963717951399333}